Falla de Llamada,Monto Cobrado,Segundos de Uso,Frecuencia de Uso,sms_al_d√≠a,quejas_por_mes,Fuga
20.0,0,650.0,47.0,14.166666666666666,0.0,1
0.0,0,3528.0,82.0,23.142857142857142,0.0,0
12.0,0,1275.0,30.0,22.826086956521742,0.0,0
5.0,0,825.0,19.0,8.25,0.0,0
25.0,0,1200.0,50.0,16.363636363636363,0.030303030303030304,1
20.0,9,10730.0,97.0,13.235294117647058,0.0,0
0.0,0,6725.0,94.0,8.70967741935484,0.0,0
4.0,0,2245.0,33.0,169.86486486486487,0.0,0
6.0,2,3095.0,33.0,146.1627906976744,0.0,0
0.0,0,2840.0,16.0,0.0,0.0,0
0.0,0,2840.0,53.0,0.0,0.0,0
9.0,0,2375.0,55.0,38.33333333333333,0.0,0
28.5,5,14061.875,198.0,59.21052631578947,0.0,0
5.0,0,4065.0,71.0,4.390243902439024,0.0,0
0.0,0,1550.0,39.0,36.36363636363637,0.0,0
3.0,0,13173.0,159.0,0.0,0.0,0
0.0,0,0.0,0.0,0.0,0.03571428571428571,1
0.0,0,1650.0,28.0,169.86486486486487,0.0,0
0.0,0,2100.0,29.0,196.40625,0.0,0
12.0,1,9048.0,177.0,196.875,0.0,0
0.0,0,3895.0,33.0,385.1612903225806,0.0,0
5.0,0,14061.875,178.0,117.6923076923077,0.0,0
5.0,1,1400.0,22.0,21.0,0.0,0
11.0,4,7270.0,122.0,174.58333333333334,0.0,0
5.0,0,1035.0,32.0,55.0,0.0,0
0.0,0,4025.0,31.0,392.90322580645164,0.0,0
12.0,3,4955.0,56.0,369.7058823529412,0.0,0
5.0,0,420.0,12.0,29.25,0.0,1
0.0,0,2760.0,20.0,0.0,0.0,0
0.0,0,4275.0,35.0,405.48387096774195,0.0,0
2.0,1,1070.0,33.0,212.22222222222223,0.037037037037037035,0
13.0,2,7023.0,81.0,88.46153846153847,0.0,0
10.0,2,4083.0,91.0,10.5,0.0,0
0.0,0,490.0,6.0,0.0,0.0,0
3.0,1,1668.0,31.0,5.853658536585366,0.0,0
6.0,1,3943.0,86.0,6.1764705882352935,0.0,0
4.0,0,2048.0,54.0,26.756756756756758,0.0,0
6.0,0,1790.0,42.0,30.0,0.0,0
7.0,0,14061.875,181.0,114.32432432432432,0.0,0
5.0,0,305.0,6.0,5.526315789473684,0.0,0
5.0,0,305.0,6.0,6.0,0.0,0
8.0,1,5918.0,101.0,10.465116279069768,0.0,0
7.0,1,13818.0,165.0,6.1764705882352935,0.0,0
10.0,0,4560.0,72.0,11.052631578947368,0.0,0
5.0,0,2765.0,44.0,169.86486486486487,0.0,0
11.0,1,5638.0,90.0,13.636363636363637,0.030303030303030304,1
9.0,3,7270.0,116.0,202.74193548387098,0.0,0
0.0,0,405.0,8.0,5.0,0.0,0
0.0,0,615.0,4.0,0.0,0.0,0
18.0,2,14061.875,186.0,10.97560975609756,0.0,0
0.0,0,4085.0,28.0,387.09677419354836,0.0,0
0.0,0,1543.0,27.0,3.2432432432432434,0.0,0
1.0,0,4130.0,75.0,0.0,0.0,0
0.0,0,13288.0,155.0,0.0,0.0,0
10.0,3,3480.0,35.0,142.8409090909091,0.0,0
7.0,2,3645.0,73.0,50.35714285714286,0.0,0
14.0,0,2688.0,56.0,56.15384615384615,0.02564102564102564,1
3.0,0,2655.0,55.0,145.13513513513513,0.0,0
15.0,2,7203.0,89.0,90.0,0.0,0
4.0,0,11405.0,151.0,5.142857142857143,0.0,0
2.0,0,1388.0,31.0,24.782608695652176,0.0,0
16.0,0,3485.0,48.0,20.27027027027027,0.02702702702702703,1
9.0,0,2050.0,52.0,40.243902439024396,0.024390243902439025,0
3.0,1,4290.0,79.0,3.75,0.0,0
0.0,0,318.0,4.0,0.0,0.0,0
5.0,0,1710.0,40.0,29.032258064516128,0.0,0
14.0,2,2133.0,55.0,45.882352941176464,0.0,0
3.0,0,4110.0,61.0,0.0,0.0,0
12.0,0,5738.0,96.0,15.0,0.03125,1
0.0,0,765.0,7.0,20.0,0.041666666666666664,1
12.0,0,8888.0,175.0,127.89473684210527,0.0,0
5.0,0,305.0,6.0,6.363636363636364,0.0,1
14.0,2,14061.875,194.0,141.75,0.0,0
0.0,0,825.0,10.0,24.23076923076923,0.0,0
2.0,0,4210.0,77.0,0.0,0.0,0
3.0,2,453.0,9.0,1.5789473684210527,0.0,0
11.0,2,2665.0,51.0,139.66666666666669,0.0,0
12.0,0,1415.0,33.0,33.6,0.0,0
11.0,0,700.0,25.0,11.11111111111111,0.0,0
14.0,3,2502.0,36.0,29.032258064516128,0.06451612903225806,1
4.0,0,1523.0,43.0,38.0,0.0,0
28.5,4,14061.875,198.0,52.5,0.025,0
0.0,0,1073.0,32.0,17.5,0.0,0
6.0,0,7813.0,127.0,184.8529411764706,0.0,0
6.0,0,843.0,13.0,6.486486486486487,0.0,1
0.0,0,5703.0,58.0,67.05882352941177,0.0,0
0.0,0,0.0,0.0,0.0,0.03225806451612903,1
18.0,2,14061.875,198.0,31.666666666666668,0.0,0
2.0,0,1055.0,22.0,8.25,0.0,0
7.0,4,3148.0,49.0,87.09677419354838,0.0,0
7.0,0,920.0,32.0,21.42857142857143,0.0,0
7.0,1,2485.0,37.0,169.86486486486487,0.0,0
0.0,0,2133.0,48.0,0.0,0.0,0
9.0,1,6033.0,100.0,3.75,0.0,0
7.0,0,4073.0,68.0,3.846153846153846,0.0,0
5.0,0,305.0,6.0,6.0,0.0,1
11.0,0,6108.0,95.0,5.384615384615385,0.0,0
4.0,0,13648.0,171.0,3.0769230769230766,0.0,0
22.0,2,14061.875,198.0,0.0,0.0,0
5.0,0,3423.0,78.0,5.526315789473684,0.0,0
3.0,0,740.0,18.0,1.5,0.0,0
11.0,1,9228.0,175.0,168.38709677419357,0.0,0
0.0,0,0.0,0.0,0.0,0.0,1
10.0,2,11590.0,152.0,5.833333333333333,0.0,0
0.0,0,0.0,0.0,0.0,0.0,1
5.0,0,1533.0,15.0,13.548387096774194,0.06451612903225806,1
10.0,3,4755.0,49.0,405.48387096774195,0.0,0
7.0,1,1620.0,36.0,240.0,0.0,0
10.0,2,11580.0,159.0,6.923076923076923,0.0,0
18.0,0,1195.0,32.0,26.896551724137932,0.0,0
0.0,1,148.0,4.0,24.857142857142858,0.0,0
9.0,0,6223.0,95.0,5.142857142857143,0.0,0
13.0,1,4323.0,64.0,5.675675675675676,0.0,0
5.0,1,1755.0,29.0,49.5,0.0,0
3.0,1,193.0,5.0,3.9473684210526314,0.0,1
24.0,0,660.0,43.0,6.0,0.0,1
25.0,4,7298.0,157.0,178.42105263157896,0.0,0
9.0,0,1780.0,30.0,21.53846153846154,0.0,0
17.0,6,9835.0,83.0,0.0,0.0,0
5.0,2,643.0,10.0,8.68421052631579,0.0,0
3.0,0,433.0,10.0,3.6585365853658534,0.0,0
1.0,0,2360.0,41.0,123.63636363636363,0.0,0
0.0,0,0.0,0.0,0.0,0.0,1
0.0,0,1228.0,9.0,0.0,0.06451612903225806,1
5.0,0,1135.0,24.0,10.465116279069768,0.0,0
0.0,0,0.0,0.0,0.7692307692307692,0.0,1
12.0,1,3490.0,64.0,148.37837837837836,0.0,0
0.0,0,875.0,14.0,0.0,0.0,1
11.0,3,1620.0,48.0,183.52941176470586,0.0,0
15.0,1,14061.875,198.0,0.0,0.0,0
7.0,0,3185.0,58.0,150.85714285714286,0.0,0
3.0,0,2100.0,31.0,51.17647058823529,0.0,0
11.0,1,4485.0,76.0,2.25,0.0,0
0.0,0,1793.0,48.0,0.0,0.0,0
7.0,0,1130.0,22.0,32.72727272727273,0.0,0
4.0,2,6865.0,99.0,19.45945945945946,0.0,0
7.0,0,3175.0,72.0,8.68421052631579,0.0,0
1.0,1,6595.0,96.0,4.545454545454546,0.0,0
0.0,0,0.0,0.0,0.0,0.03333333333333333,1
14.0,2,5898.0,100.0,27.0,0.0,1
0.0,0,4005.0,32.0,383.22580645161287,0.0,0
14.0,3,4820.0,95.0,11.333333333333332,0.0,0
14.0,2,7428.0,86.0,91.57894736842105,0.0,0
15.0,0,1300.0,35.0,34.44444444444444,0.0,0
8.0,0,6028.0,132.0,141.29032258064518,0.0,0
7.0,0,2485.0,49.0,127.10526315789473,0.0,0
15.0,0,2948.0,65.0,12.307692307692307,0.0,0
9.0,0,8817.0,166.0,145.16129032258064,0.0,0
5.0,0,1100.0,18.0,6.0,0.0,0
0.0,0,520.0,4.0,17.5,0.0,0
8.0,1,1678.0,19.0,13.548387096774194,0.0,1
1.0,0,14061.875,173.0,125.45454545454545,0.0,0
7.0,2,1430.0,41.0,197.58620689655172,0.0,0
0.0,0,0.0,0.0,0.0,0.0,1
9.0,1,2895.0,58.0,136.57894736842104,0.0,0
0.0,0,4265.0,42.0,405.48387096774195,0.0,0
14.0,0,2498.0,64.0,15.681818181818182,0.022727272727272728,0
4.0,0,2078.0,44.0,50.57142857142857,0.0,1
12.0,1,14033.0,179.0,10.227272727272727,0.0,0
8.0,2,365.0,9.0,8.780487804878048,0.0,1
8.0,2,4595.0,85.0,8.571428571428571,0.0,0
15.0,0,1415.0,32.0,8.076923076923077,0.0,0
1.0,0,7917.0,154.0,79.35483870967741,0.0,0
13.0,1,5818.0,98.0,21.666666666666668,0.0,1
0.0,0,4150.0,74.0,0.0,0.0,0
7.0,0,4290.0,69.0,0.0,0.0,0
1.0,0,3638.0,80.0,0.0,0.0,0
11.0,0,2513.0,47.0,30.0,0.027777777777777776,1
28.0,0,1145.0,47.0,6.1764705882352935,0.029411764705882353,1
13.0,0,2838.0,64.0,22.894736842105264,0.0,0
0.0,0,6670.0,92.0,15.483870967741936,0.0,0
9.0,1,2840.0,56.0,142.10526315789474,0.0,0
10.0,2,4070.0,86.0,38.33333333333333,0.0,0
0.0,0,2275.0,6.0,0.0,0.0,0
17.0,1,2948.0,67.0,161.15384615384613,0.0,0
4.0,1,6493.0,71.0,85.38461538461539,0.0,0
15.0,1,2713.0,70.0,146.1627906976744,0.0,0
8.0,2,1748.0,29.0,29.032258064516128,0.06451612903225806,1
5.0,0,1085.0,20.0,33.75,0.0,0
25.0,3,14061.875,198.0,0.0,0.0,0
4.0,0,710.0,20.0,14.651162790697674,0.0,0
0.0,0,0.0,0.0,0.8333333333333333,0.0,1
11.0,2,7873.0,136.0,153.29268292682926,0.0,0
11.0,0,1630.0,37.0,25.0,0.0,0
3.0,3,6660.0,116.0,169.86486486486487,0.0,0
2.0,0,2073.0,30.0,0.8571428571428571,0.0,0
15.0,1,2758.0,66.0,161.15384615384613,0.0,0
13.0,1,4630.0,81.0,13.636363636363637,0.0,0
0.0,0,4210.0,71.0,0.0,0.0,0
0.0,0,0.0,0.0,0.0,0.0,1
10.0,0,2673.0,49.0,30.0,0.02857142857142857,1
0.0,0,4085.0,34.0,402.58064516129036,0.0,0
0.0,0,2710.0,19.0,196.40625,0.0,0
4.0,0,3470.0,70.0,16.451612903225804,0.0,0
23.0,2,6878.0,155.0,140.45454545454544,0.0,0
4.0,0,395.0,13.0,0.0,0.0,0
4.0,0,4400.0,78.0,3.333333333333333,0.0,0
8.0,1,7813.0,133.0,161.15384615384613,0.0,0
4.0,1,1695.0,32.0,46.95652173913044,0.0,0
2.0,0,508.0,6.0,12.307692307692307,0.0,0
5.0,0,578.0,15.0,14.666666666666666,0.0,0
6.0,2,6560.0,89.0,146.92307692307693,0.0,0
22.0,2,14061.875,198.0,46.666666666666664,0.0,0
0.0,0,710.0,5.0,28.75,0.0,0
0.0,0,680.0,9.0,0.0,0.0,0
9.0,0,3085.0,53.0,158.1818181818182,0.0,0
2.0,0,4803.0,81.0,0.0,0.030303030303030304,1
1.0,0,5613.0,89.0,0.0,0.0,0
11.0,0,3660.0,76.0,0.0,0.0,0
5.0,2,2737.0,40.0,63.87096774193548,0.0,0
26.0,4,14061.875,198.0,8.571428571428571,0.0,0
3.0,1,935.0,17.0,3.846153846153846,0.0,0
2.0,0,875.0,20.0,5.7142857142857135,0.0,0
27.0,10,10820.0,101.0,12.857142857142856,0.0,0
0.0,0,290.0,2.0,0.0,0.0,0
3.0,0,730.0,25.0,3.9130434782608696,0.0,0
7.0,0,1360.0,28.0,12.857142857142856,0.0,0
0.0,0,710.0,8.0,4.545454545454546,0.0,0
8.0,0,395.0,25.0,11.0,0.0,0
16.0,3,4195.0,94.0,51.951219512195124,0.0,0
9.0,2,4885.0,47.0,405.48387096774195,0.0,0
8.0,0,11170.0,150.0,5.384615384615385,0.0,0
3.0,1,6500.0,86.0,150.8108108108108,0.0,0
1.0,0,6413.0,63.0,93.0,0.0,0
8.0,2,4103.0,90.0,13.571428571428571,0.0,0
5.0,0,920.0,10.0,6.363636363636364,0.0,0
7.0,0,438.0,14.0,10.465116279069768,0.0,1
28.0,4,14061.875,198.0,40.54054054054054,0.0,0
0.0,0,2860.0,52.0,0.0,0.0,0
7.0,2,2773.0,43.0,40.64516129032258,0.0,0
10.0,0,8688.0,168.0,137.4193548387097,0.0,0
0.0,0,438.0,6.0,0.0,0.0,1
5.0,2,4450.0,43.0,405.48387096774195,0.0,0
21.0,2,6698.0,147.0,145.26315789473685,0.0,0
4.0,0,1568.0,39.0,34.61538461538461,0.0,0
1.0,1,1308.0,11.0,0.0,0.0,1
21.0,8,10435.0,93.0,0.8333333333333333,0.027777777777777776,0
9.0,1,2620.0,49.0,142.8409090909091,0.0,0
0.0,0,7143.0,118.0,190.45454545454547,0.0,0
4.0,2,6965.0,110.0,216.7241379310345,0.0,0
5.0,1,305.0,6.0,6.5625,0.0,0
5.0,1,1733.0,22.0,13.548387096774194,0.06451612903225806,1
2.0,0,1408.0,17.0,0.0,0.0,1
10.0,3,903.0,20.0,17.727272727272727,0.0,0
5.0,0,1000.0,12.0,5.833333333333333,0.0,0
6.0,0,2540.0,47.0,153.29268292682926,0.0,0
0.0,1,4085.0,40.0,405.48387096774195,0.0,0
28.5,5,14061.875,198.0,47.14285714285714,0.0,0
11.0,1,3085.0,59.0,143.6842105263158,0.0,0
8.0,1,2653.0,68.0,11.59090909090909,0.0,0
8.0,0,980.0,29.0,20.400000000000002,0.0,0
14.0,5,3238.0,53.0,65.45454545454545,0.0,0
11.0,3,4623.0,98.0,23.68421052631579,0.0,0
0.0,0,420.0,5.0,3.333333333333333,0.0,0
0.0,0,1173.0,18.0,0.0,0.0,0
2.0,0,8368.0,155.0,98.70967741935485,0.0,0
8.0,1,5628.0,98.0,43.714285714285715,0.02857142857142857,1
28.0,4,14061.875,198.0,0.0,0.0,0
0.0,0,3458.0,72.0,0.0,0.0,0
3.0,0,6458.0,65.0,90.0,0.0,0
14.0,2,11950.0,168.0,20.714285714285715,0.0,0
10.0,2,3590.0,70.0,20.689655172413794,0.0,0
20.0,3,9600.0,135.0,115.71428571428572,0.0,0
18.0,1,9642.0,182.0,151.875,0.0,0
6.0,0,1028.0,16.0,11.25,0.0,0
9.0,2,2033.0,34.0,9.0,0.0,0
6.0,1,6805.0,86.0,163.23529411764707,0.0,0
20.0,0,1605.0,41.0,39.310344827586206,0.0,0
0.0,0,1995.0,30.0,184.8529411764706,0.0,0
11.0,3,2600.0,42.0,84.0,0.0,0
3.0,0,6670.0,91.0,0.0,0.0,0
2.0,0,313.0,10.0,8.461538461538462,0.02564102564102564,1
0.0,0,6525.0,87.0,0.0,0.0,0
8.0,3,2898.0,41.0,44.516129032258064,0.0,0
9.0,3,1735.0,48.0,209.5,0.0,0
17.0,8,10210.0,89.0,3.1578947368421053,0.0,0
14.0,2,3835.0,85.0,27.75,0.0,0
5.0,0,7213.0,123.0,161.15384615384613,0.0,0
5.0,0,2000.0,26.0,52.25806451612903,0.0,0
0.0,0,6240.0,76.0,165.48387096774195,0.0,0
5.0,1,6830.0,93.0,7.241379310344828,0.0,0
5.0,0,4310.0,68.0,0.0,0.0,0
27.0,0,1180.0,51.0,12.580645161290324,0.03225806451612903,1
10.0,1,8003.0,134.0,161.15384615384613,0.0,0
18.0,2,4270.0,89.0,36.0,0.0,0
5.0,1,1613.0,35.0,30.0,0.0,0
6.0,2,6615.0,91.0,141.53846153846155,0.0,0
14.0,1,14061.875,198.0,0.0,0.0,0
10.0,0,2318.0,56.0,12.857142857142856,0.0,0
16.0,3,9175.0,124.0,114.61538461538463,0.0,0
5.0,1,7030.0,100.0,14.545454545454547,0.0,0
10.0,2,3805.0,38.0,161.15384615384613,0.0,0
2.0,0,1650.0,30.0,49.09090909090909,0.0,0
0.0,0,0.0,0.0,0.0,0.0,1
0.0,0,403.0,3.0,9.473684210526315,0.02631578947368421,1
0.0,0,955.0,33.0,11.470588235294116,0.0,0
0.0,0,2790.0,15.0,202.74193548387098,0.0,0
28.5,0,1340.0,55.0,25.384615384615383,0.02564102564102564,1
15.0,1,14061.875,198.0,32.0,0.0,0
10.0,2,2025.0,47.0,215.35714285714286,0.0,0
2.0,1,1135.0,28.0,227.5,0.0,0
17.0,0,9123.0,171.0,90.0,0.0,0
7.0,0,2393.0,57.0,179.57142857142858,0.0,0
9.0,2,1988.0,51.0,71.37931034482759,0.0,0
10.0,2,7813.0,139.0,142.8409090909091,0.0,0
16.0,7,10175.0,83.0,0.0,0.0,0
13.0,1,2578.0,58.0,174.58333333333334,0.0,0
28.0,0,1215.0,57.0,23.846153846153843,0.02564102564102564,1
9.0,1,3720.0,68.0,26.666666666666664,0.0,0
3.0,0,790.0,16.0,16.42857142857143,0.0,0
12.0,1,6628.0,106.0,11.538461538461538,0.0,0
4.0,3,6785.0,108.0,202.74193548387098,0.0,0
21.0,3,14061.875,198.0,42.75,0.0,0
17.0,2,14061.875,185.0,14.347826086956522,0.0,0
8.0,2,7045.0,107.0,22.307692307692307,0.0,0
0.0,0,743.0,13.0,33.24324324324324,0.0,1
15.0,2,7213.0,82.0,95.38461538461537,0.0,0
6.0,0,4190.0,63.0,0.0,0.0,0
4.0,2,1430.0,42.0,224.4642857142857,0.0,0
0.0,0,1182.0,13.0,0.0,0.0,1
8.0,2,3610.0,69.0,24.193548387096772,0.0,0
0.0,1,4165.0,36.0,405.48387096774195,0.0,0
7.0,1,1628.0,42.0,37.5,0.0,0
12.0,5,3453.0,55.0,97.5,0.0,0
7.0,2,3210.0,32.0,157.125,0.0,0
5.0,0,4515.0,77.0,0.0,0.0,0
25.0,4,14061.875,198.0,30.0,0.0,0
14.0,0,2528.0,54.0,35.0,0.023809523809523808,1
0.0,0,5533.0,87.0,0.0,0.0,0
4.0,0,1818.0,42.0,0.0,0.0,0
0.0,1,6480.0,97.0,12.5,0.0,0
2.0,0,1933.0,42.0,0.0,0.0,0
12.0,1,1225.0,38.0,27.0,0.0,0
11.0,0,2418.0,62.0,13.902439024390244,0.0,0
9.0,1,6043.0,93.0,5.675675675675676,0.0,0
5.0,0,2098.0,54.0,5.25,0.0,0
10.0,2,1953.0,47.0,44.0625,0.0,0
5.0,0,2013.0,50.0,8.25,0.0,0
1.0,0,1623.0,29.0,6.0,0.0,0
5.0,0,260.0,10.0,10.465116279069768,0.0,1
6.0,1,1495.0,44.0,204.0,0.03333333333333333,1
0.0,0,1973.0,46.0,0.0,0.0,0
7.0,0,5488.0,125.0,110.32258064516128,0.0,0
5.0,1,305.0,6.0,6.0,0.0,0
11.0,1,3040.0,63.0,135.71428571428572,0.0,0
8.0,2,1793.0,25.0,13.548387096774194,0.06451612903225806,1
1.0,0,630.0,12.0,2.647058823529412,0.0,0
2.0,2,4505.0,46.0,405.48387096774195,0.0,0
8.0,0,14061.875,174.0,0.8108108108108109,0.0,0
20.0,3,14061.875,198.0,64.05405405405405,0.0,0
8.0,2,8925.0,121.0,140.83333333333334,0.0,0
7.0,0,2328.0,62.0,165.39473684210526,0.0,0
5.0,0,4023.0,82.0,0.9090909090909092,0.0,0
13.0,4,3157.0,51.0,63.333333333333336,0.0,0
2.0,0,1005.0,18.0,33.10344827586207,0.0,0
9.0,0,2313.0,40.0,24.375,0.03125,1
0.0,0,1170.0,37.0,20.0,0.0,0
0.0,0,300.0,19.0,201.25,0.0,0
1.0,1,3520.0,65.0,28.695652173913043,0.0,0
28.5,0,1665.0,58.0,21.176470588235297,0.029411764705882353,1
6.0,0,8548.0,163.0,108.38709677419355,0.0,0
5.0,0,933.0,13.0,12.631578947368421,0.02631578947368421,1
5.0,0,2573.0,66.0,9.512195121951219,0.0,0
0.0,0,275.0,4.0,0.0,0.0,0
0.0,0,0.0,0.0,0.0,0.0,0
15.0,0,2643.0,60.0,165.39473684210526,0.0,0
0.0,0,10970.0,147.0,0.0,0.0,0
0.0,0,3035.0,60.0,0.0,0.0,0
14.0,1,4080.0,82.0,26.57142857142857,0.0,0
11.0,3,1853.0,28.0,23.225806451612904,0.06451612903225806,1
11.0,0,14061.875,183.0,128.91891891891893,0.0,0
21.0,0,710.0,44.0,12.727272727272728,0.030303030303030304,1
6.0,0,5828.0,125.0,121.93548387096774,0.0,0
10.0,1,3070.0,50.0,161.15384615384613,0.0,0
3.0,0,1235.0,34.0,238.69565217391303,0.0,0
0.0,0,1673.0,38.0,0.0,0.0,0
14.0,2,11960.0,161.0,20.76923076923077,0.0,0
17.0,1,9193.0,181.0,125.71428571428572,0.0,0
16.0,2,5943.0,96.0,18.857142857142858,0.0,1
13.0,1,2568.0,65.0,161.15384615384613,0.0,0
17.0,2,3355.0,50.0,16.153846153846153,0.02564102564102564,1
3.0,1,378.0,8.0,8.780487804878048,0.0,0
3.0,0,13548.0,165.0,2.25,0.0,0
9.0,0,2353.0,60.0,30.769230769230766,0.02564102564102564,0
15.0,3,3685.0,69.0,160.26315789473685,0.0,0
24.0,8,10740.0,93.0,0.0,0.0,0
5.0,0,305.0,6.0,5.833333333333333,0.0,1
8.0,0,2188.0,42.0,22.5,0.0,1
9.0,0,5897.0,134.0,133.54838709677418,0.0,0
7.0,0,50.0,2.0,0.0,0.0,1
0.0,1,2905.0,27.0,169.86486486486487,0.0,0
0.0,0,992.0,12.0,0.0,0.0,1
21.0,8,10390.0,97.0,6.75,0.025,0
0.0,0,1828.0,42.0,0.0,0.0,0
11.0,2,14061.875,179.0,16.578947368421055,0.0,0
1.0,1,2547.0,33.0,30.967741935483872,0.0,0
10.0,0,2695.0,37.0,5.675675675675676,0.0,1
5.0,0,1638.0,44.0,0.0,0.0,0
13.0,3,3043.0,45.0,12.352941176470587,0.0,0
12.0,0,2363.0,52.0,5.675675675675676,0.0,0
21.0,3,9838.0,187.0,178.23529411764707,0.0,0
1.0,0,3210.0,66.0,10.0,0.0,0
0.0,0,0.0,0.0,0.0,0.0,0
7.0,0,2990.0,35.0,1.0,0.03333333333333333,1
4.0,0,8210.0,105.0,99.42857142857143,0.0,0
0.0,0,0.0,0.0,2.3684210526315788,0.0,1
6.0,0,2178.0,51.0,2.5,0.027777777777777776,0
6.0,0,4435.0,81.0,0.0,0.0,0
7.0,2,1375.0,39.0,204.82758620689654,0.0,0
0.0,0,613.0,9.0,17.027027027027025,0.0,0
0.0,0,6365.0,85.0,0.0,0.0,0
0.0,0,1065.0,34.0,14.571428571428571,0.0,0
9.0,0,3793.0,61.0,0.0,0.0,0
3.0,0,920.0,20.0,6.666666666666666,0.0,0
10.0,1,3005.0,57.0,151.76470588235293,0.0,0
8.0,1,8810.0,115.0,117.42857142857143,0.0,0
5.0,0,3893.0,60.0,0.0,0.0,0
12.0,2,3165.0,61.0,137.14285714285714,0.0,0
16.0,0,650.0,35.0,1.153846153846154,0.0,1
6.0,1,2518.0,56.0,5.675675675675676,0.0,0
10.0,0,8742.0,170.0,123.87096774193549,0.0,0
14.0,1,14061.875,198.0,18.857142857142858,0.0,0
4.0,1,6905.0,91.0,155.83333333333334,0.0,0
0.0,0,2080.0,10.0,179.57142857142858,0.0,0
0.0,0,1390.0,26.0,41.42857142857143,0.0,0
16.0,0,2723.0,68.0,18.13953488372093,0.023255813953488372,0
11.0,1,14061.875,185.0,123.24324324324324,0.0,0
0.0,0,0.0,0.0,0.0,0.0,1
8.0,1,3470.0,82.0,24.146341463414636,0.0,0
0.0,0,660.0,16.0,0.0,0.0,0
0.0,0,1505.0,26.0,93.52941176470588,0.0,0
12.0,3,7318.0,85.0,104.5945945945946,0.0,0
0.0,0,600.0,6.0,25.71428571428571,0.0,0
16.0,0,14061.875,198.0,0.0,0.0,0
23.0,3,14061.875,198.0,0.0,0.0,0
0.0,0,0.0,0.0,0.0,0.0,0
6.0,0,1858.0,25.0,5.675675675675676,0.0,0
28.5,10,11000.0,109.0,15.681818181818182,0.0,0
0.0,0,0.0,0.0,7.297297297297297,0.0,0
15.0,3,11830.0,163.0,16.82926829268293,0.0,0
0.0,0,1010.0,24.0,267.0,0.0,0
11.0,0,1015.0,17.0,11.25,0.0,1
0.0,0,595.0,9.0,12.5,0.0,0
1.0,0,1903.0,35.0,20.625,0.0,1
6.0,1,1928.0,35.0,10.714285714285715,0.0,0
0.0,0,14061.875,165.0,104.11764705882354,0.0,0
5.0,1,3085.0,25.0,6.1764705882352935,0.0,0
13.0,2,14061.875,177.0,11.59090909090909,0.0,0
7.0,0,485.0,14.0,12.857142857142856,0.0,1
9.0,4,2933.0,47.0,61.49999999999999,0.0,0
0.0,0,1428.0,16.0,0.0,0.0,1
21.0,0,1265.0,41.0,27.428571428571427,0.0,0
0.0,0,0.0,0.0,0.0,0.0,1
9.0,2,3205.0,31.0,9.473684210526315,0.0,0
0.0,0,895.0,24.0,192.5,0.0,0
7.0,0,2023.0,41.0,26.666666666666664,0.027777777777777776,1
15.0,1,1485.0,42.0,32.90322580645161,0.0,0
25.0,2,14061.875,198.0,17.83783783783784,0.0,0
2.0,0,2088.0,51.0,190.45454545454547,0.0,0
7.0,1,11420.0,158.0,13.902439024390244,0.0,0
0.0,1,6310.0,86.0,174.58333333333334,0.0,0
16.0,0,890.0,25.0,7.5,0.0,0
3.0,1,6740.0,101.0,17.83783783783784,0.0,0
0.0,0,715.0,26.0,191.11111111111111,0.0,0
23.0,3,6383.0,114.0,32.72727272727273,0.0,0
9.0,1,13773.0,175.0,5.5813953488372094,0.0,0
9.0,0,4118.0,64.0,0.0,0.0,0
12.0,2,3855.0,39.0,12.162162162162163,0.0,0
0.0,0,0.0,0.0,0.0,0.0,0
0.0,0,5813.0,59.0,68.57142857142857,0.0,0
13.0,2,14061.875,192.0,138.64864864864865,0.0,0
0.0,0,1183.0,13.0,0.0,0.06451612903225806,1
0.0,0,6353.0,66.0,87.27272727272728,0.0,0
5.0,1,305.0,6.0,5.833333333333333,0.0,0
0.0,0,3413.0,76.0,0.0,0.0,0
0.0,0,1253.0,27.0,1.8181818181818183,0.0,1
15.0,1,9047.0,176.0,125.29411764705883,0.0,0
5.0,0,5453.0,89.0,13.125,0.03125,1
7.0,1,3550.0,78.0,26.25,0.0,0
9.0,1,14061.875,178.0,129.0909090909091,0.0,0
26.0,9,10695.0,103.0,11.428571428571427,0.0,0
7.0,0,4083.0,61.0,2.5,0.0,0
1.0,0,3805.0,72.0,0.0,0.0,0
0.0,0,3790.0,30.0,375.48387096774195,0.0,0
8.0,0,1095.0,22.0,20.454545454545453,0.0,0
3.0,1,2433.0,33.0,0.0,0.0,0
9.0,3,4695.0,52.0,392.8125,0.0,0
17.0,0,1085.0,33.0,24.545454545454547,0.0,0
6.0,0,3598.0,56.0,0.0,0.0,0
5.0,0,8448.0,157.0,106.45161290322581,0.0,0
0.0,0,553.0,22.0,0.0,0.0,0
5.0,0,6490.0,93.0,6.0,0.0,0
20.0,4,4680.0,98.0,45.0,0.0,0
5.0,2,6885.0,114.0,209.5,0.0,0
6.0,0,518.0,10.0,12.142857142857142,0.0,1
13.0,0,2758.0,60.0,184.8529411764706,0.0,0
8.0,2,7928.0,139.0,157.125,0.0,0
3.0,2,4470.0,42.0,405.48387096774195,0.0,0
9.0,0,2990.0,41.0,7.7142857142857135,0.0,1
4.0,0,13713.0,166.0,0.0,0.0,0
0.0,0,1588.0,23.0,0.0,0.0,0
2.0,2,7080.0,101.0,27.096774193548388,0.0,0
0.0,0,1423.0,22.0,0.0,0.0,0
9.0,0,3105.0,47.0,34.166666666666664,0.027777777777777776,1
9.0,2,1620.0,42.0,206.8965517241379,0.0,0
0.0,0,0.0,0.0,0.75,0.0,1
0.0,0,510.0,5.0,0.0,0.0,0
0.0,0,4903.0,78.0,0.0,0.0,0
0.0,0,1888.0,44.0,216.7241379310345,0.0,0
13.0,2,6223.0,107.0,14.666666666666666,0.0,0
10.0,1,8990.0,123.0,116.8421052631579,0.0,0
13.0,3,11850.0,162.0,19.534883720930235,0.0,0
0.0,0,0.0,0.0,0.0,0.0,1
19.0,0,355.0,37.0,0.0,0.0,1
21.0,3,6183.0,107.0,28.5,0.0,0
11.0,2,6833.0,80.0,81.53846153846155,0.0,0
0.0,0,6195.0,80.0,153.42857142857142,0.0,0
9.0,1,1873.0,45.0,39.64285714285714,0.0,0
8.0,0,1863.0,39.0,12.972972972972974,0.0,1
11.0,1,2855.0,46.0,157.125,0.0,0
0.0,0,6385.0,81.0,161.14285714285714,0.0,0
2.0,1,2920.0,24.0,7.894736842105263,0.0,0
11.0,0,1148.0,19.0,11.538461538461538,0.0,1
28.5,4,14061.875,198.0,47.04545454545455,0.0,0
0.0,0,950.0,27.0,236.08695652173913,0.0,0
7.0,0,1873.0,39.0,37.82608695652174,0.0,0
15.0,1,5987.0,136.0,111.66666666666667,0.0,0
7.0,0,8673.0,161.0,112.25806451612902,0.0,0
5.0,1,2885.0,18.0,7.0,0.0,0
8.0,1,6975.0,97.0,6.1764705882352935,0.0,0
6.0,0,1748.0,47.0,42.41379310344827,0.0,0
0.0,1,1298.0,19.0,48.387096774193544,0.06451612903225806,1
0.0,0,1580.0,21.0,56.25,0.0,0
6.0,1,6528.0,74.0,80.27027027027027,0.0,0
10.0,1,4370.0,77.0,9.069767441860465,0.0,0
0.0,0,6015.0,72.0,157.5,0.0,0
12.0,1,8978.0,167.0,125.80645161290322,0.0,0
12.0,0,2573.0,44.0,30.0,0.0,1
5.0,0,873.0,10.0,9.166666666666668,0.0,1
2.0,2,338.0,10.0,8.780487804878048,0.0,0
26.0,0,1080.0,45.0,11.25,0.03125,1
0.0,0,0.0,0.0,0.0,0.0,1
7.0,0,2058.0,46.0,0.0,0.0,0
18.0,2,9305.0,121.0,93.94736842105263,0.0,0
10.0,1,11770.0,154.0,8.823529411764707,0.0,0
1.0,1,6545.0,104.0,202.74193548387098,0.0,0
4.0,0,515.0,21.0,0.0,0.0,0
9.0,0,8627.0,171.0,123.33333333333331,0.0,0
5.0,0,305.0,6.0,6.1764705882352935,0.0,1
1.0,1,6605.0,89.0,3.0,0.0,0
7.0,0,8628.0,165.0,127.74193548387096,0.0,0
7.0,1,11465.0,154.0,8.91891891891892,0.0,0
20.0,2,14061.875,198.0,0.0,0.0,0
0.0,0,7088.0,115.0,184.8529411764706,0.0,0
10.0,1,14061.875,184.0,117.07317073170731,0.0,0
13.0,2,9070.0,125.0,111.21951219512195,0.0,0
6.0,0,1970.0,44.0,34.6875,0.0,0
4.0,1,4570.0,48.0,405.48387096774195,0.0,0
27.0,3,14061.875,198.0,49.73684210526316,0.0,0
7.0,1,2000.0,32.0,52.5,0.0,0
9.0,0,2383.0,50.0,53.513513513513516,0.0,1
14.0,1,1450.0,36.0,20.869565217391305,0.0,0
8.0,2,6805.0,92.0,148.46153846153845,0.0,0
13.0,2,5933.0,104.0,47.027027027027025,0.0,0
11.0,2,1873.0,51.0,40.90909090909091,0.0,0
10.0,2,2745.0,47.0,142.8409090909091,0.0,0
0.0,0,7448.0,124.0,179.57142857142858,0.0,0
2.0,0,595.0,8.0,0.0,0.0,0
4.0,0,11340.0,156.0,11.842105263157896,0.0,0
4.0,0,1743.0,49.0,174.58333333333334,0.0,0
5.0,1,770.0,17.0,13.5,0.0,0
10.0,1,6898.0,83.0,89.25,0.0,0
8.0,0,2960.0,61.0,143.07692307692307,0.0,0
12.0,4,7675.0,127.0,179.57142857142858,0.02857142857142857,0
21.0,0,955.0,41.0,8.571428571428571,0.03571428571428571,1
9.0,1,3103.0,69.0,7.692307692307692,0.0,0
9.0,0,3035.0,37.0,6.774193548387097,0.0,1
17.0,2,2603.0,63.0,14.285714285714285,0.0,0
15.0,7,9725.0,82.0,0.0,0.0,0
0.0,0,0.0,0.0,3.1578947368421053,0.0,1
2.0,0,3180.0,65.0,16.551724137931036,0.0,0
9.0,0,14061.875,186.0,115.60975609756098,0.0,0
7.0,1,6313.0,70.0,71.05263157894737,0.0,0
0.0,0,6943.0,111.0,216.7241379310345,0.0,0
0.0,0,990.0,20.0,25.263157894736842,0.0,0
14.0,1,14061.875,188.0,120.76923076923077,0.0,0
6.0,0,1210.0,18.0,35.625,0.0,0
8.0,1,2780.0,59.0,133.90243902439025,0.0,0
13.0,2,3775.0,88.0,27.906976744186046,0.0,0
0.0,0,2650.0,21.0,0.0,0.0,0
2.0,0,5693.0,91.0,7.5,0.0,0
28.5,3,14061.875,198.0,22.307692307692307,0.0,0
5.0,1,11285.0,146.0,0.0,0.0,0
5.0,0,2930.0,57.0,7.777777777777778,0.0,0
4.0,2,1568.0,21.0,19.35483870967742,0.0,1
1.0,0,6500.0,80.0,166.875,0.0,0
6.0,2,1048.0,15.0,9.72972972972973,0.0,0
13.0,4,3113.0,55.0,62.72727272727273,0.0,0
22.0,4,6723.0,114.0,42.63157894736842,0.0,0
25.0,4,14061.875,198.0,66.15384615384616,0.0,0
5.0,1,3843.0,80.0,6.0,0.0,0
15.0,0,9237.0,171.0,139.35483870967744,0.0,0
6.0,1,8630.0,107.0,118.125,0.0,0
11.0,0,8527.0,166.0,103.125,0.0,0
10.0,3,3033.0,53.0,66.31578947368422,0.0,0
19.0,3,9825.0,132.0,120.0,0.0,0
0.0,0,14061.875,166.0,132.41379310344828,0.0,0
11.0,1,2533.0,62.0,153.29268292682926,0.0,0
6.0,1,1568.0,45.0,36.774193548387096,0.0,0
0.0,0,380.0,7.0,0.0,0.0,0
2.0,1,6380.0,92.0,0.0,0.0,0
0.0,0,2535.0,10.0,0.0,0.0,0
15.0,4,3347.0,52.0,78.33333333333333,0.0,0
11.0,2,3580.0,41.0,146.1627906976744,0.0,0
4.0,0,900.0,15.0,17.36842105263158,0.0,0
11.0,2,6778.0,78.0,86.92307692307692,0.0,0
2.0,0,1743.0,47.0,0.0,0.0,0
8.0,1,2153.0,39.0,13.170731707317072,0.0,0
0.0,0,760.0,8.0,0.0,0.0,0
3.0,0,2720.0,50.0,150.0,0.0,0
1.0,0,2970.0,29.0,161.15384615384613,0.0,0
13.0,0,4503.0,66.0,0.0,0.0,0
4.0,0,14061.875,170.0,97.94117647058823,0.0,0
16.0,1,6348.0,145.0,132.85714285714286,0.0,0
28.5,0,1450.0,54.0,27.428571428571427,0.02857142857142857,1
1.0,0,2203.0,57.0,0.0,0.0,0
0.0,0,3413.0,82.0,2.307692307692308,0.0,0
3.0,0,2280.0,30.0,0.0,0.029411764705882353,1
4.0,0,2070.0,49.0,34.41176470588235,0.0,0
0.0,0,323.0,1.0,1.7647058823529411,0.029411764705882353,1
18.0,1,6008.0,98.0,5.675675675675676,0.0,1
8.0,0,585.0,20.0,14.399999999999999,0.0,0
0.0,0,0.0,0.0,0.0,0.0,0
3.0,0,5803.0,90.0,7.5,0.0,0
8.0,1,2698.0,64.0,6.75,0.0,0
12.0,1,4595.0,75.0,5.833333333333333,0.0,0
0.0,0,1765.0,36.0,130.0,0.0,0
5.0,0,305.0,6.0,5.833333333333333,0.0,1
22.0,0,550.0,42.0,0.0,0.0,1
1.0,2,2357.0,38.0,29.032258064516128,0.0,0
26.0,2,14061.875,198.0,30.0,0.0,0
0.0,0,0.0,0.0,6.0,0.0,0
0.0,0,323.0,1.0,1.7647058823529411,0.0,1
2.0,1,4345.0,44.0,405.48387096774195,0.0,0
15.0,0,2623.0,62.0,17.045454545454547,0.022727272727272728,0
5.0,0,4255.0,66.0,5.833333333333333,0.0,0
28.0,9,10920.0,107.0,13.902439024390244,0.0,0
9.0,0,13953.0,177.0,8.048780487804878,0.0,0
3.0,1,7623.0,133.0,165.39473684210526,0.0,0
12.0,3,11885.0,166.0,37.5,0.0,0
11.0,0,745.0,21.0,9.130434782608695,0.0,0
4.0,1,3225.0,67.0,16.0,0.0,0
7.0,3,7100.0,96.0,167.83783783783784,0.0,0
12.0,0,2570.0,60.0,53.513513513513516,0.02702702702702703,1
6.0,0,1535.0,21.0,32.22222222222223,0.0,0
8.0,3,2852.0,45.0,58.125,0.0,0
16.0,0,3295.0,53.0,17.142857142857142,0.023809523809523808,1
2.0,0,2870.0,66.0,3.333333333333333,0.0,0
16.0,0,3475.0,55.0,20.25,0.025,1
0.0,0,1360.0,38.0,28.181818181818183,0.0,0
5.0,1,2393.0,64.0,6.976744186046512,0.0,0
7.0,0,1015.0,20.0,15.0,0.0,0
0.0,0,325.0,6.0,0.0,0.0,0
0.0,0,3153.0,66.0,0.0,0.0,0
9.0,0,700.0,19.0,2.7272727272727275,0.0,0
10.0,1,2278.0,50.0,42.22222222222222,0.0,0
3.0,0,743.0,12.0,5.526315789473684,0.0,1
19.0,8,10255.0,85.0,0.0,0.0,0
4.0,0,2798.0,63.0,2.4324324324324325,0.0,0
12.0,4,7405.0,102.0,161.15384615384613,0.0,0
22.0,2,14061.875,198.0,44.61538461538461,0.0,0
6.0,0,14061.875,184.0,121.57894736842104,0.0,0
6.0,0,1260.0,22.0,11.86046511627907,0.0,0
0.0,0,3718.0,76.0,0.0,0.0,0
2.0,0,8100.0,104.0,98.8235294117647,0.0,0
0.0,0,338.0,5.0,0.0,0.0,0
28.5,4,14061.875,198.0,6.363636363636364,0.0,0
12.0,2,4820.0,89.0,6.75,0.0,0
18.0,3,4080.0,94.0,31.333333333333336,0.0,0
5.0,3,758.0,16.0,33.07692307692308,0.0,0
10.0,2,6518.0,105.0,22.105263157894736,0.0,0
19.0,2,6453.0,144.0,142.10526315789474,0.0,0
7.0,1,5998.0,97.0,12.142857142857142,0.0,0
0.0,0,4030.0,69.0,0.0,0.0,0
18.0,2,14061.875,198.0,0.0,0.0,0
9.0,0,6423.0,71.0,72.3076923076923,0.0,0
23.0,0,955.0,47.0,14.545454545454547,0.0,1
0.0,0,2278.0,53.0,3.333333333333333,0.0,0
3.0,0,3630.0,66.0,11.25,0.0,0
0.0,0,0.0,0.0,0.0,0.03333333333333333,1
17.0,2,2758.0,72.0,142.8409090909091,0.0,0
9.0,0,5908.0,127.0,129.6774193548387,0.0,0
3.0,1,1443.0,23.0,15.483870967741936,0.0,1
18.0,0,3173.0,60.0,48.94736842105263,0.0,1
3.0,0,248.0,7.0,0.0,0.0,1
17.0,4,9715.0,131.0,133.7837837837838,0.0,0
4.0,0,890.0,22.0,17.560975609756095,0.0,0
13.0,2,4733.0,99.0,13.076923076923077,0.0,0
0.0,0,3633.0,50.0,0.0,0.0,0
10.0,0,6008.0,133.0,131.61290322580643,0.0,0
28.0,4,14061.875,198.0,7.0,0.0,0
17.0,2,1530.0,44.0,31.875,0.0,0
0.0,0,1668.0,19.0,0.0,0.0,0
5.0,1,1360.0,32.0,241.30434782608694,0.0,0
19.0,3,3358.0,76.0,161.15384615384613,0.0,0
15.0,1,4865.0,78.0,15.75,0.0,0
2.0,1,2850.0,24.0,165.39473684210526,0.0,0
0.0,0,0.0,0.0,0.0,0.0,0
6.0,1,1560.0,39.0,216.66666666666666,0.0,0
4.0,1,3050.0,31.0,149.64285714285714,0.0,0
5.0,0,5838.0,93.0,0.0,0.0,0
14.0,3,7103.0,83.0,87.20930232558139,0.0,0
22.0,2,14061.875,198.0,3.75,0.0,0
3.0,0,1955.0,34.0,161.15384615384613,0.0,0
4.0,1,11160.0,154.0,9.0,0.0,0
3.0,0,3410.0,73.0,17.647058823529413,0.0,0
14.0,1,6213.0,133.0,143.2258064516129,0.0,0
0.0,0,1180.0,30.0,20.0,0.0,0
1.0,1,6540.0,94.0,10.90909090909091,0.0,0
0.0,1,0.0,0.0,0.0,0.0,0
6.0,1,1973.0,31.0,5.526315789473684,0.0,0
7.0,0,6638.0,73.0,89.0909090909091,0.0,0
0.0,0,6153.0,59.0,88.96551724137932,0.0,0
10.0,3,7090.0,109.0,21.75,0.0,0
21.0,8,10435.0,93.0,0.8333333333333333,0.0,0
16.0,3,7083.0,84.0,87.80487804878048,0.0,0
9.0,1,2665.0,45.0,157.125,0.0,0
8.0,0,4220.0,79.0,5.25,0.0,0
14.0,2,4755.0,79.0,15.0,0.0,0
0.0,0,3950.0,67.0,0.0,0.0,0
19.0,0,2833.0,60.0,38.18181818181818,0.022727272727272728,1
8.0,0,3715.0,79.0,22.5,0.0,0
0.0,1,4210.0,32.0,394.8387096774194,0.0,0
4.0,0,14061.875,182.0,145.83333333333331,0.0,0
6.0,0,2228.0,56.0,161.15384615384613,0.0,0
17.0,3,5080.0,99.0,15.652173913043478,0.0,0
9.0,1,4705.0,84.0,8.68421052631579,0.0,0
18.0,2,6078.0,108.0,29.285714285714285,0.0,0
0.0,0,2625.0,51.0,0.0,0.0,0
9.0,0,820.0,27.0,1.153846153846154,0.0,0
10.0,0,14061.875,178.0,104.61538461538461,0.0,0
20.0,2,3018.0,76.0,139.66666666666669,0.0,0
5.0,1,3763.0,78.0,6.5625,0.0,0
3.0,0,623.0,5.0,5.0,0.0,0
2.0,1,7803.0,131.0,179.57142857142858,0.0,0
0.0,0,0.0,0.0,0.0,0.0,0
6.0,3,4990.0,50.0,405.48387096774195,0.0,0
7.0,0,1310.0,24.0,37.74193548387097,0.0,0
5.0,1,3350.0,59.0,8.75,0.0,0
0.0,0,263.0,1.0,0.0,0.0,1
0.0,0,530.0,6.0,1.7142857142857142,0.0,0
22.0,2,9498.0,187.0,123.91304347826086,0.0,0
0.0,0,5433.0,81.0,0.0,0.0,0
7.0,0,2048.0,53.0,0.0,0.0,0
0.0,0,323.0,7.0,7.692307692307692,0.0,1
6.0,0,1013.0,15.0,18.571428571428573,0.023809523809523808,1
0.0,0,0.0,0.0,0.0,0.0,0
17.0,1,6043.0,102.0,20.294117647058826,0.0,0
21.0,2,3468.0,77.0,157.125,0.0,0
0.0,0,1003.0,5.0,0.0,0.0,1
8.0,1,4415.0,67.0,6.1764705882352935,0.0,0
7.0,2,6670.0,112.0,174.58333333333334,0.0,0
11.0,0,3235.0,44.0,9.428571428571429,0.0,1
7.0,1,4560.0,79.0,6.1764705882352935,0.0,0
2.0,2,6795.0,90.0,171.42857142857144,0.0,0
6.0,0,8810.0,109.0,129.0,0.0,0
4.0,0,215.0,11.0,0.0,0.0,0
14.0,7,9940.0,86.0,0.0,0.0,0
2.0,0,13583.0,169.0,20.27027027027027,0.0,0
0.0,0,2740.0,47.0,0.0,0.0,0
25.0,3,14061.875,198.0,7.777777777777778,0.0,0
0.0,0,2475.0,13.0,0.0,0.0,0
3.0,0,8028.0,155.0,87.09677419354838,0.0,0
0.0,0,6290.0,90.0,0.0,0.0,0
14.0,3,1880.0,52.0,179.57142857142858,0.0,0
0.0,0,1183.0,31.0,19.5,0.0,0
7.0,1,3400.0,27.0,179.57142857142858,0.0,0
12.0,1,1470.0,35.0,25.2,0.0,0
6.0,0,5323.0,91.0,8.823529411764707,0.0,1
6.0,0,280.0,13.0,0.0,0.0,0
15.0,2,14061.875,178.0,8.571428571428571,0.0,0
6.0,1,4615.0,44.0,405.48387096774195,0.0,0
10.0,0,2338.0,54.0,174.58333333333334,0.0,0
3.0,0,1853.0,46.0,0.0,0.0,0
1.0,0,1487.0,13.0,0.0,0.0,1
0.0,0,10450.0,137.0,0.0,0.0,0
9.0,1,2905.0,51.0,146.57142857142858,0.0,0
0.0,0,1223.0,37.0,0.0,0.0,0
8.0,1,11870.0,159.0,10.0,0.0,0
6.0,1,3585.0,82.0,46.21621621621622,0.0,0
0.0,0,1455.0,23.0,174.58333333333334,0.0,0
5.0,0,4245.0,73.0,6.923076923076923,0.0,0
23.0,2,14061.875,198.0,0.0,0.0,0
0.0,0,0.0,0.0,1.7647058823529411,0.0,1
5.0,0,4008.0,66.0,21.08108108108108,0.0,0
0.0,0,6603.0,111.0,179.57142857142858,0.0,0
0.0,0,7383.0,129.0,165.39473684210526,0.0,0
12.0,1,11655.0,154.0,5.526315789473684,0.0,0
0.0,0,0.0,0.0,9.0,0.0,0
5.0,0,305.0,6.0,5.526315789473684,0.02631578947368421,1
4.0,3,6775.0,115.0,184.8529411764706,0.0,0
0.0,0,1182.0,7.0,0.0,0.0,1
1.0,1,1783.0,31.0,25.945945945945947,0.0,0
19.0,2,5385.0,88.0,27.073170731707318,0.0,0
1.0,1,743.0,9.0,4.285714285714286,0.0,0
19.0,3,2130.0,48.0,52.22222222222222,0.0,0
0.0,0,1210.0,12.0,19.35483870967742,0.0,0
3.0,1,6528.0,75.0,110.83333333333334,0.0,0
0.0,0,5485.0,69.0,135.88235294117646,0.0,0
0.0,0,0.0,0.0,0.0,0.0,1
0.0,0,635.0,9.0,13.846153846153847,0.0,0
5.0,0,8627.0,159.0,112.25806451612902,0.0,0
5.0,0,305.0,6.0,6.0,0.0,1
25.0,3,14061.875,198.0,6.857142857142857,0.0,0
6.0,2,4318.0,92.0,19.166666666666664,0.0,0
14.0,2,3408.0,75.0,12.439024390243901,0.0,0
0.0,0,1360.0,32.0,24.642857142857142,0.0,0
6.0,0,1933.0,54.0,6.585365853658536,0.0,0
7.0,0,1130.0,26.0,38.048780487804876,0.0,0
0.0,0,0.0,0.0,0.0,0.0,1
6.0,1,3100.0,32.0,11.25,0.0,0
9.0,0,1223.0,21.0,25.609756097560975,0.0,0
0.0,0,0.0,0.0,0.0,0.0,0
0.0,0,520.0,4.0,9.473684210526315,0.0,0
0.0,0,6908.0,117.0,169.86486486486487,0.0,0
22.0,3,14061.875,198.0,40.243902439024396,0.0,0
4.0,0,14061.875,172.0,130.64516129032256,0.0,0
0.0,0,1553.0,20.0,1.7647058823529411,0.0,0
0.0,0,4390.0,34.0,400.6451612903226,0.0,0
1.0,0,7508.0,121.0,196.40625,0.0,0
10.0,2,6985.0,100.0,145.7142857142857,0.0,0
5.0,1,4695.0,40.0,405.48387096774195,0.0,0
2.0,0,1783.0,30.0,15.483870967741936,0.0,1
28.0,9,10930.0,100.0,13.421052631578947,0.0,0
0.0,0,653.0,8.0,0.0,0.0,0
7.0,0,1370.0,21.0,12.307692307692307,0.0,0
6.0,2,1613.0,17.0,13.548387096774194,0.06451612903225806,1
18.0,3,14061.875,198.0,136.9230769230769,0.0,0
6.0,2,3825.0,71.0,34.8,0.0,0
0.0,0,5013.0,79.0,0.0,0.0,0
12.0,2,6113.0,102.0,35.294117647058826,0.0,0
11.0,1,2053.0,53.0,46.45161290322581,0.0,0
28.0,0,1260.0,53.0,19.714285714285715,0.0,1
7.0,0,13658.0,163.0,0.0,0.0,0
8.0,2,2738.0,39.0,0.0,0.0,0
17.0,2,4503.0,78.0,10.666666666666668,0.0,0
2.0,1,2905.0,26.0,165.39473684210526,0.0,0
12.0,5,9530.0,77.0,0.0,0.0,0
7.0,0,1113.0,21.0,19.75609756097561,0.0,1
10.0,0,4083.0,60.0,0.0,0.0,0
9.0,1,3530.0,79.0,23.68421052631579,0.0,0
11.0,0,6088.0,135.0,150.96774193548387,0.0,0
3.0,0,6298.0,63.0,60.882352941176464,0.0,0
3.0,0,2475.0,53.0,135.3846153846154,0.0,0
9.0,0,2123.0,48.0,0.0,0.0,0
0.0,0,1263.0,20.0,0.0,0.0,0
28.5,4,14061.875,198.0,50.23255813953489,0.0,0
6.0,0,1963.0,44.0,26.923076923076923,0.0,1
6.0,2,2852.0,39.0,44.516129032258064,0.0,0
3.0,0,4123.0,87.0,2.5714285714285716,0.0,0
4.0,0,2590.0,52.0,138.33333333333331,0.0,0
7.0,1,3550.0,33.0,6.857142857142857,0.0,0
28.5,4,14061.875,198.0,45.75,0.0,0
4.0,0,3898.0,90.0,10.0,0.0,0
11.0,0,5973.0,129.0,89.03225806451613,0.0,0
3.0,2,6850.0,111.0,196.40625,0.0,0
5.0,0,305.0,6.0,5.675675675675676,0.0,0
3.0,1,1487.0,19.0,0.0,0.0,1
8.0,0,3285.0,45.0,20.90909090909091,0.0,1
5.0,1,4335.0,75.0,0.0,0.0,0
10.0,2,4630.0,88.0,0.0,0.0,0
0.0,0,7393.0,122.0,179.57142857142858,0.0,0
8.0,0,2585.0,36.0,0.0,0.027777777777777776,1
0.0,0,750.0,16.0,3.1578947368421053,0.0,0
6.0,1,6538.0,67.0,85.58823529411765,0.0,0
12.0,0,14061.875,182.0,131.47058823529414,0.0,0
0.0,0,830.0,18.0,5.853658536585366,0.0,0
11.0,0,4603.0,71.0,1.6216216216216217,0.0,0
28.5,5,14061.875,198.0,10.285714285714286,0.0,0
0.0,0,923.0,11.0,20.294117647058826,0.0,1
14.0,1,760.0,28.0,15.517241379310345,0.0,0
3.0,0,990.0,19.0,0.0,0.0,0
18.0,0,535.0,35.0,0.0,0.0,1
0.0,0,1245.0,32.0,0.0,0.0,0
1.0,0,905.0,12.0,31.000000000000004,0.0,0
0.0,0,650.0,27.0,5.625,0.0,0
2.0,0,13353.0,157.0,0.0,0.0,0
1.0,0,4065.0,59.0,0.0,0.0,0
7.0,1,4470.0,87.0,7.142857142857142,0.0,0
0.0,0,0.0,0.0,1.7142857142857142,0.0,1
7.0,0,1123.0,14.0,19.736842105263158,0.0,1
0.0,0,6660.0,99.0,15.882352941176471,0.0,0
2.0,0,1065.0,15.0,7.297297297297297,0.0,0
20.0,0,830.0,49.0,17.647058823529413,0.029411764705882353,1
18.0,0,3895.0,57.0,30.0,0.02702702702702703,1
5.0,1,2638.0,61.0,5.526315789473684,0.0,0
4.0,0,2800.0,41.0,30.0,0.029411764705882353,1
7.0,2,4695.0,46.0,405.48387096774195,0.0,0
11.0,2,3200.0,65.0,161.15384615384613,0.0,0
14.0,0,1005.0,25.0,11.25,0.0,0
0.0,0,985.0,15.0,5.294117647058824,0.0,0
14.0,2,5010.0,90.0,13.5,0.0,0
5.0,2,3175.0,29.0,149.64285714285714,0.0,0
14.0,0,3180.0,41.0,5.833333333333333,0.0,1
16.0,2,5878.0,101.0,24.473684210526315,0.0,0
0.0,2,453.0,10.0,29.18918918918919,0.0,0
0.0,0,1095.0,16.0,11.666666666666666,0.0,0
4.0,0,1200.0,30.0,185.76923076923077,0.0,0
6.0,2,2088.0,37.0,30.0,0.0,0
5.0,2,6785.0,103.0,17.36842105263158,0.0,0
9.0,0,2373.0,58.0,190.45454545454547,0.0,0
8.0,2,1792.0,25.0,13.548387096774194,0.06451612903225806,1
5.0,1,2965.0,20.0,6.363636363636364,0.0,0
17.0,0,245.0,36.0,0.0,0.0,1
0.0,0,930.0,28.0,251.42857142857144,0.0,0
0.0,1,93.0,1.0,1.6666666666666665,0.0,0
6.0,0,3355.0,70.0,0.0,0.0,0
4.0,0,918.0,15.0,21.53846153846154,0.0,0
10.0,2,8810.0,121.0,108.75,0.0,0
1.0,0,1230.0,15.0,26.4,0.0,0
7.0,3,643.0,16.0,13.255813953488373,0.0,0
10.0,3,6805.0,98.0,137.04545454545456,0.0,0
0.0,0,1003.0,23.0,13.333333333333332,0.0,0
28.0,4,14061.875,198.0,44.25,0.0,0
15.0,1,9058.0,169.0,133.54838709677418,0.0,0
4.0,0,5728.0,94.0,0.0,0.0,0
9.0,0,8808.0,173.0,144.375,0.0,0
9.0,2,7893.0,135.0,146.1627906976744,0.0,0
11.0,1,4430.0,74.0,7.5,0.0,0
0.0,0,0.0,0.0,0.0,0.0,1
9.0,1,14018.0,172.0,5.526315789473684,0.0,0
8.0,0,4198.0,60.0,0.0,0.0,0
5.0,1,1720.0,41.0,223.84615384615384,0.0,0
7.0,4,7045.0,118.0,165.39473684210526,0.02631578947368421,0
0.0,0,0.0,0.0,0.0,0.0,0
0.0,0,6080.0,74.0,129.70588235294116,0.0,0
6.0,3,2608.0,42.0,54.375,0.0,0
21.0,7,10320.0,87.0,0.0,0.0,0
9.0,0,2048.0,55.0,165.39473684210526,0.0,0
0.0,0,1363.0,28.0,5.294117647058824,0.029411764705882353,1
3.0,0,940.0,15.0,20.357142857142858,0.0,0
8.0,1,6690.0,86.0,127.10526315789473,0.0,0
6.0,1,2895.0,59.0,167.83783783783784,0.0,0
12.0,0,2353.0,59.0,4.5,0.025,0
7.0,1,4665.0,75.0,15.833333333333334,0.0,0
6.0,1,14061.875,173.0,11.666666666666666,0.0,0
7.0,0,1165.0,29.0,18.26086956521739,0.0,0
9.0,0,13963.0,170.0,7.105263157894736,0.0,0
0.0,0,1435.0,16.0,25.161290322580648,0.0,0
0.0,0,3538.0,74.0,0.0,0.0,0
9.0,3,7170.0,105.0,23.846153846153843,0.0,0
0.0,0,6493.0,110.0,184.8529411764706,0.0,0
13.0,0,3215.0,45.0,6.363636363636364,0.030303030303030304,1
12.0,0,4378.0,74.0,8.780487804878048,0.0,0
6.0,2,4810.0,87.0,13.333333333333332,0.0,0
28.0,3,14061.875,198.0,45.42857142857143,0.0,0
20.0,2,6303.0,112.0,32.19512195121951,0.0,0
10.0,1,4243.0,62.0,6.1764705882352935,0.0,0
0.0,0,750.0,20.0,270.0,0.0,0
10.0,0,2453.0,60.0,169.86486486486487,0.0,0
5.0,2,598.0,14.0,13.571428571428571,0.0,0
0.0,0,295.0,4.0,12.0,0.02857142857142857,1
5.0,0,1910.0,47.0,34.285714285714285,0.0,0
0.0,0,1345.0,22.0,179.57142857142858,0.0,0
0.0,0,1683.0,47.0,0.0,0.0,0
11.0,0,2158.0,56.0,161.15384615384613,0.0,0
2.0,0,2115.0,36.0,165.39473684210526,0.0,0
22.0,9,10515.0,95.0,8.25,0.025,0
24.0,9,10560.0,91.0,6.0,0.0,0
0.0,0,1760.0,29.0,165.39473684210526,0.0,0
5.0,0,13593.0,161.0,0.0,0.0,0
6.0,0,1338.0,18.0,13.783783783783784,0.02702702702702703,1
12.0,3,3078.0,49.0,54.193548387096776,0.0,0
11.0,0,585.0,19.0,0.0,0.0,0
5.0,1,2800.0,23.0,157.125,0.0,0
5.0,1,6975.0,98.0,20.90909090909091,0.0,0
0.0,1,6275.0,82.0,145.3846153846154,0.0,0
19.0,1,14061.875,198.0,0.0,0.0,0
16.0,4,5420.0,99.0,22.5,0.0,0
5.0,1,2438.0,54.0,6.1764705882352935,0.0,0
9.0,1,4695.0,91.0,9.512195121951219,0.0,0
13.0,0,2493.0,48.0,27.352941176470587,0.029411764705882353,1
4.0,0,1453.0,33.0,0.0,0.0,0
6.0,0,13693.0,167.0,0.0,0.0,0
3.0,0,7508.0,127.0,169.86486486486487,0.0,0
6.0,0,4180.0,70.0,0.0,0.0,0
10.0,2,3380.0,63.0,163.33333333333334,0.0,0
2.0,0,13513.0,159.0,0.0,0.0,0
1.0,0,7263.0,124.0,169.86486486486487,0.0,0
8.0,3,7145.0,124.0,169.86486486486487,0.0,0
8.0,1,2405.0,37.0,56.84210526315789,0.0,0
18.0,2,6392.0,147.0,126.81818181818183,0.0,0
5.0,0,8750.0,112.0,120.0,0.0,0
4.0,0,1425.0,20.0,48.46153846153846,0.0,0
9.0,0,4775.0,76.0,18.64864864864865,0.0,0
9.0,0,1730.0,26.0,52.5,0.0,0
11.0,4,2978.0,43.0,52.25806451612903,0.0,0
0.0,0,1505.0,25.0,31.666666666666668,0.0,0
25.0,0,1145.0,48.0,22.727272727272727,0.030303030303030304,1
0.0,0,3970.0,28.0,340.6451612903226,0.0,0
5.0,0,305.0,6.0,20.400000000000002,0.0,0
5.0,0,805.0,20.0,0.0,0.0,0
7.0,2,823.0,18.0,16.097560975609756,0.0,0
11.0,2,3590.0,34.0,157.125,0.0,0
4.0,1,2955.0,27.0,0.0,0.0,0
25.0,2,14061.875,198.0,0.0,0.0,0
28.5,3,14061.875,198.0,6.5625,0.0,0
6.0,0,14061.875,179.0,124.28571428571429,0.0,0
3.0,1,1487.0,19.0,0.0,0.06451612903225806,1
4.0,0,3908.0,83.0,9.166666666666668,0.0,0
3.0,0,14061.875,174.0,128.70967741935482,0.0,0
23.0,0,840.0,41.0,0.0,0.0,1
4.0,3,938.0,14.0,20.833333333333332,0.0,0
0.0,0,0.0,0.0,0.0,0.0,1
7.0,2,3155.0,30.0,157.125,0.0,0
6.0,0,710.0,11.0,6.315789473684211,0.0,1
0.0,0,6300.0,83.0,0.0,0.0,0
0.0,0,1390.0,14.0,25.161290322580648,0.0,0
10.0,0,2348.0,46.0,33.0,0.025,1
20.0,2,4763.0,82.0,15.0,0.0,0
14.0,1,8932.0,177.0,121.5,0.0,0
6.0,1,2453.0,61.0,5.25,0.0,0
7.0,0,3415.0,61.0,8.076923076923077,0.0,0
8.0,3,2853.0,45.0,58.125,0.0,0
4.0,0,4145.0,67.0,6.0,0.0,0
0.0,0,1275.0,14.0,0.0,0.0,0
8.0,2,7090.0,103.0,18.0,0.0,0
0.0,0,1308.0,29.0,22.5,0.0,0
6.0,3,723.0,12.0,15.0,0.0,0
28.0,3,14061.875,198.0,0.0,0.0,0
7.0,0,2268.0,38.0,25.161290322580648,0.03225806451612903,1
6.0,0,1780.0,49.0,29.18918918918919,0.0,0
0.0,0,2085.0,25.0,0.0,0.0,1
2.0,0,11045.0,142.0,0.0,0.0,0
7.0,2,4650.0,50.0,405.48387096774195,0.0,0
5.0,0,1370.0,40.0,19.45945945945946,0.0,0
12.0,0,780.0,27.0,19.35483870967742,0.0,0
12.0,5,7350.0,124.0,157.125,0.0,0
19.0,1,9427.0,178.0,157.05882352941177,0.0,0
18.0,3,6238.0,110.0,50.0,0.0,0
0.0,0,0.0,0.0,0.0,0.0,0
19.0,0,730.0,43.0,16.285714285714285,0.0,1
1.0,0,1420.0,41.0,30.857142857142854,0.0,0
0.0,0,470.0,9.0,0.0,0.0,0
0.0,0,710.0,4.0,0.0,0.0,0
13.0,1,5863.0,94.0,16.875,0.0,1
6.0,0,6718.0,69.0,93.75,0.0,0
6.0,0,2123.0,49.0,8.333333333333334,0.027777777777777776,0
1.0,1,6320.0,78.0,154.41176470588238,0.0,0
7.0,1,3530.0,67.0,16.666666666666668,0.0,0
5.0,0,315.0,17.0,0.0,0.0,0
19.0,3,5103.0,82.0,21.75,0.0,0
0.0,0,0.0,0.0,0.0,0.030303030303030304,1
17.0,2,14061.875,191.0,118.53658536585365,0.0,0
0.0,0,0.0,0.0,5.853658536585366,0.0,1
2.0,0,14061.875,175.0,114.85714285714286,0.0,0
17.0,3,4160.0,90.0,33.40909090909091,0.0,0
5.0,1,1913.0,28.0,5.833333333333333,0.0,0
11.0,0,8853.0,169.0,121.93548387096774,0.0,0
8.0,0,6108.0,96.0,12.631578947368421,0.0,0
10.0,1,4313.0,72.0,25.384615384615383,0.0,0
18.0,3,12480.0,171.0,19.5,0.0,0
0.0,0,7203.0,121.0,179.57142857142858,0.0,0
2.0,0,825.0,20.0,34.61538461538461,0.0,0
1.0,0,3293.0,50.0,0.0,0.0,0
11.0,1,4495.0,69.0,5.675675675675676,0.0,0
8.0,0,4018.0,58.0,0.0,0.0,0
3.0,0,3893.0,54.0,0.0,0.0,0
8.0,1,13853.0,171.0,7.142857142857142,0.0,0
13.0,0,945.0,28.0,13.333333333333332,0.0,0
10.0,2,6995.0,93.0,155.3846153846154,0.0,0
6.0,0,2685.0,41.0,7.894736842105263,0.02631578947368421,1
3.0,0,6385.0,80.0,128.33333333333334,0.0,0
8.0,1,2163.0,32.0,12.631578947368421,0.0,0
9.0,0,520.0,17.0,0.0,0.0,0
1.0,0,2393.0,52.0,0.0,0.0,0
1.0,1,3985.0,35.0,381.2903225806451,0.0,0
19.0,3,7733.0,92.0,92.25,0.0,0
16.0,1,3163.0,71.0,165.39473684210526,0.0,0
6.0,0,2780.0,53.0,145.83333333333331,0.0,0
5.0,0,305.0,6.0,6.1764705882352935,0.0,1
6.0,0,3515.0,72.0,15.9375,0.0,0
5.0,0,13583.0,168.0,0.0,0.0,0
12.0,1,4180.0,87.0,26.756756756756758,0.0,0
14.0,4,3562.0,56.0,68.8235294117647,0.0,0
9.0,0,2945.0,45.0,13.076923076923077,0.02564102564102564,1
0.0,0,1372.0,14.0,3.870967741935484,0.06451612903225806,1
0.0,0,13468.0,157.0,0.0,0.0,0
0.0,0,0.0,0.0,0.0,0.0,0
14.0,2,5000.0,97.0,13.953488372093023,0.0,0
0.0,0,3233.0,68.0,0.0,0.0,0
24.0,2,14061.875,198.0,38.82352941176471,0.0,0
11.0,4,5295.0,56.0,405.48387096774195,0.0,0
11.0,0,1643.0,24.0,18.461538461538463,0.0,1
0.0,0,628.0,1.0,0.967741935483871,0.0,1
7.0,1,2378.0,36.0,6.486486486486487,0.0,0
10.0,1,2888.0,65.0,13.5,0.0,0
13.0,3,3265.0,55.0,157.125,0.0,0
11.0,2,8925.0,120.0,109.45945945945947,0.0,0
2.0,0,2180.0,43.0,128.33333333333334,0.0,0
7.0,0,970.0,24.0,19.09090909090909,0.0,0
5.0,1,4095.0,36.0,389.0322580645161,0.0,0
28.5,5,14061.875,198.0,50.48780487804878,0.0,0
2.0,0,498.0,13.0,12.857142857142856,0.0,0
16.0,6,10015.0,81.0,0.0,0.0,0
0.0,0,2425.0,25.0,0.0,0.037037037037037035,1
14.0,0,2573.0,50.0,32.36842105263158,0.02631578947368421,1
12.0,1,2298.0,57.0,9.75,0.0,0
0.0,0,13.0,5.0,5.7142857142857135,0.0,0
4.0,0,2008.0,34.0,19.0,0.03333333333333333,1
10.0,1,6908.0,76.0,94.86486486486487,0.0,0
0.0,0,513.0,2.0,9.705882352941178,0.0,1
0.0,0,2028.0,49.0,0.0,0.0,0
8.0,2,2168.0,49.0,58.84615384615385,0.0,0
13.0,3,7065.0,102.0,138.66666666666666,0.0,0
5.0,0,3390.0,74.0,14.0625,0.0,0
8.0,2,2960.0,49.0,165.39473684210526,0.0,0
16.0,2,2838.0,68.0,146.1627906976744,0.0,0
16.0,3,9230.0,126.0,109.23076923076923,0.0,0
14.0,1,9178.0,174.0,145.16129032258064,0.0,0
0.0,0,2813.0,66.0,0.0,0.0,0
12.0,0,8933.0,171.0,141.29032258064518,0.0,0
0.0,0,258.0,2.0,1.6216216216216217,0.0,0
0.0,0,2190.0,11.0,174.58333333333334,0.0,0
14.0,1,14061.875,176.0,12.0,0.0,0
3.0,0,1620.0,48.0,35.38461538461539,0.0,0
0.0,0,0.0,0.0,0.0,0.0,0
0.0,0,2088.0,52.0,0.0,0.0,0
0.0,0,1478.0,25.0,21.42857142857143,0.0,0
5.0,0,1973.0,44.0,37.2,0.0,0
1.0,1,6255.0,83.0,149.1891891891892,0.0,0
10.0,2,11525.0,157.0,12.307692307692307,0.0,0
10.0,0,2160.0,51.0,43.78378378378378,0.0,0
0.0,0,3008.0,71.0,0.0,0.0,0
3.0,0,6413.0,69.0,86.57142857142857,0.0,0
2.0,0,1378.0,38.0,24.23076923076923,0.0,0
0.0,0,2345.0,15.0,0.0,0.0,0
4.0,0,5918.0,89.0,0.0,0.0,0
4.0,0,2360.0,39.0,165.39473684210526,0.0,0
0.0,0,1443.0,21.0,2.3684210526315788,0.0,0
19.0,2,6507.0,146.0,131.05263157894737,0.0,0
6.0,1,1725.0,47.0,34.86486486486486,0.0,0
5.0,1,7508.0,133.0,149.64285714285714,0.0,0
5.0,0,1065.0,14.0,5.526315789473684,0.0,0
0.0,0,1263.0,27.0,23.68421052631579,0.0,0
24.0,4,14061.875,198.0,14.482758620689657,0.0,0
9.0,0,2990.0,41.0,7.7142857142857135,0.02857142857142857,1
19.0,2,6528.0,109.0,27.56756756756757,0.0,0
5.0,0,305.0,6.0,6.5625,0.0,1
14.0,2,3900.0,80.0,22.702702702702705,0.0,0
8.0,4,6965.0,122.0,161.15384615384613,0.0,0
5.0,1,7753.0,130.0,169.86486486486487,0.0,0
5.0,0,305.0,6.0,5.675675675675676,0.0,1
2.0,0,5318.0,85.0,0.0,0.0,0
6.0,0,1000.0,28.0,24.444444444444443,0.0,0
28.5,0,1970.0,64.0,25.833333333333336,0.027777777777777776,1
6.0,0,2113.0,56.0,9.230769230769232,0.0,0
10.0,2,2060.0,35.0,54.54545454545455,0.0,0
12.0,1,6168.0,137.0,138.94736842105263,0.0,0
28.5,5,14061.875,198.0,49.56521739130435,0.0,0
0.0,0,0.0,0.0,0.0,0.0,0
0.0,1,1837.0,28.0,0.0,0.0,0
0.0,0,1475.0,44.0,55.58823529411765,0.0,0
18.0,0,650.0,41.0,8.70967741935484,0.03225806451612903,1
8.0,0,14061.875,177.0,104.21052631578948,0.0,0
25.0,3,14061.875,198.0,0.0,0.0,0
5.0,0,3530.0,61.0,9.545454545454545,0.0,0
0.0,0,6075.0,86.0,0.0,0.0,0
19.0,2,9237.0,183.0,120.0,0.0,0
0.0,0,1310.0,18.0,21.290322580645164,0.0,0
12.0,3,4935.0,95.0,30.0,0.0,0
4.0,3,2628.0,41.0,56.666666666666664,0.0,0
0.0,1,3135.0,26.0,13.125,0.0,0
24.0,3,6758.0,150.0,138.57142857142856,0.0,0
0.0,0,0.0,0.0,0.0,0.0,1
0.0,0,760.0,28.0,9.090909090909092,0.0,0
2.0,0,323.0,3.0,7.5,0.0,1
4.0,0,2068.0,52.0,202.74193548387098,0.0,0
3.0,0,1858.0,26.0,7.5,0.0,0
6.0,2,6900.0,102.0,10.285714285714286,0.0,0
7.0,2,2115.0,38.0,95.71428571428572,0.0,0
2.0,0,133.0,8.0,5.853658536585366,0.0,1
1.0,0,1475.0,43.0,24.857142857142858,0.0,0
5.0,1,6745.0,89.0,152.43243243243242,0.0,0
16.0,1,6393.0,141.0,150.0,0.0,0
13.0,1,5773.0,102.0,25.5,0.0,0
8.0,0,1970.0,50.0,36.486486486486484,0.0,0
0.0,0,1695.0,20.0,38.70967741935484,0.0,0
5.0,0,2148.0,54.0,179.57142857142858,0.0,0
1.0,0,2520.0,43.0,160.0,0.0,0
7.0,1,3485.0,71.0,22.258064516129032,0.0,0
6.0,1,3145.0,28.0,5.833333333333333,0.0,0
1.0,0,1548.0,44.0,179.57142857142858,0.0,0
12.0,0,2393.0,42.0,25.71428571428571,0.0,1
3.0,0,2278.0,52.0,0.0,0.0,0
10.0,2,4640.0,81.0,5.675675675675676,0.0,0
13.0,3,4900.0,91.0,12.954545454545455,0.0,0
9.0,0,2550.0,39.0,161.15384615384613,0.0,0
14.0,0,2543.0,60.0,11.25,0.025,0
4.0,1,2475.0,45.0,161.15384615384613,0.0,0
21.0,1,14061.875,198.0,26.05263157894737,0.0,0
8.0,0,2158.0,52.0,0.0,0.0,0
7.0,1,1713.0,23.0,13.548387096774194,0.06451612903225806,1
5.0,0,8437.0,164.0,110.32258064516128,0.0,0
12.0,2,2725.0,48.0,149.64285714285714,0.0,0
0.0,0,2835.0,17.0,196.40625,0.0,0
4.0,0,13468.0,169.0,0.7317073170731707,0.0,0
5.0,0,1273.0,35.0,17.142857142857142,0.0,0
5.0,1,1373.0,21.0,5.526315789473684,0.0,0
4.0,1,1270.0,40.0,194.51612903225805,0.0,0
7.0,1,13888.0,175.0,24.615384615384613,0.0,0
16.0,2,6483.0,111.0,18.91304347826087,0.0,0
23.0,0,1000.0,43.0,8.275862068965518,0.0,1
0.0,0,4130.0,30.0,387.09677419354836,0.0,0
0.0,1,338.0,4.0,3.333333333333333,0.0,0
7.0,0,14061.875,174.0,122.6470588235294,0.0,0
7.0,1,4515.0,83.0,1.5789473684210527,0.0,0
7.0,2,8108.0,137.0,169.86486486486487,0.0,0
13.0,4,7450.0,130.0,161.15384615384613,0.0,0
8.0,3,4775.0,48.0,405.48387096774195,0.0,0
11.0,6,9870.0,77.0,0.0,0.0,0
0.0,0,485.0,10.0,12.0,0.0,0
12.0,1,2453.0,66.0,149.64285714285714,0.0,0
0.0,0,0.0,0.0,0.0,0.0,1
3.0,1,885.0,13.0,27.857142857142858,0.0,0
5.0,0,623.0,11.0,10.24390243902439,0.0,0
12.0,0,1105.0,30.0,12.692307692307692,0.0,0
0.0,0,0.0,0.0,4.285714285714286,0.0,0
4.0,0,4913.0,82.0,0.0,0.0,1
0.0,0,875.0,8.0,0.0,0.0,0
0.0,0,0.0,0.0,0.0,0.029411764705882353,1
14.0,1,14061.875,192.0,115.11627906976744,0.0,0
16.0,2,9533.0,181.0,181.93548387096774,0.0,0
15.0,1,5998.0,106.0,28.46153846153846,0.0,0
0.0,0,3500.0,66.0,0.0,0.0,0
12.0,1,9035.0,119.0,121.81818181818181,0.0,0
0.0,0,820.0,29.0,212.4,0.0,0
12.0,0,3480.0,78.0,13.5,0.0,0
0.0,0,0.0,0.0,0.0,0.0,1
5.0,0,1180.0,20.0,5.384615384615385,0.0,0
0.0,0,795.0,12.0,0.0,0.0,0
10.0,0,4153.0,70.0,6.428571428571428,0.0,0
10.0,1,9055.0,118.0,119.14285714285714,0.0,0
0.0,0,2088.0,46.0,0.0,0.0,0
3.0,1,60.0,3.0,3.846153846153846,0.02564102564102564,1
0.0,0,2135.0,35.0,157.125,0.0,0
0.0,0,2285.0,46.0,140.29411764705884,0.0,0
7.0,2,1440.0,34.0,218.07692307692307,0.0,0
0.0,0,3593.0,84.0,4.864864864864865,0.0,0
4.0,0,2570.0,29.0,0.0,0.03125,1
0.0,0,0.0,0.0,0.0,0.0,0
0.0,0,0.0,0.0,0.0,0.0,1
3.0,1,6455.0,90.0,141.9512195121951,0.0,0
5.0,0,2263.0,60.0,174.58333333333334,0.0,0
4.0,0,3488.0,55.0,0.0,0.0,0
20.0,8,10030.0,88.0,0.0,0.0,0
1.0,0,955.0,16.0,7.317073170731707,0.0,0
15.0,3,4110.0,44.0,153.29268292682926,0.0,0
0.0,0,6420.0,88.0,2.0689655172413794,0.0,0
3.0,0,1780.0,50.0,58.333333333333336,0.0,0
0.0,0,2660.0,14.0,0.0,0.0,0
7.0,0,8627.0,165.0,127.74193548387096,0.0,0
17.0,3,12030.0,170.0,22.0,0.0,0
6.0,2,6910.0,95.0,9.375,0.0,0
0.0,0,2168.0,54.0,3.75,0.0,0
9.0,1,4450.0,73.0,10.714285714285715,0.0,0
2.0,0,3660.0,60.0,0.0,0.0,0
0.0,0,12868.0,153.0,0.0,0.0,0
14.0,3,3660.0,43.0,136.6304347826087,0.0,0
0.0,0,570.0,8.0,0.0,0.0,0
24.0,4,14061.875,198.0,56.666666666666664,0.0,0
11.0,3,5115.0,93.0,18.157894736842106,0.0,0
15.0,3,2330.0,53.0,208.0,0.0,0
5.0,0,305.0,6.0,22.5,0.0,0
2.0,1,6365.0,106.0,184.8529411764706,0.0,0
7.0,0,3908.0,82.0,5.675675675675676,0.0,0
11.0,0,5818.0,92.0,17.41935483870968,0.0,1
0.0,0,0.0,0.0,0.0,0.0,0
2.0,1,2915.0,19.0,179.57142857142858,0.0,0
5.0,0,6603.0,70.0,94.28571428571428,0.0,0
12.0,2,6303.0,103.0,16.363636363636363,0.0,0
3.0,1,11240.0,150.0,10.76923076923077,0.0,0
15.0,2,9295.0,129.0,116.25,0.0,0
14.0,1,2678.0,64.0,179.57142857142858,0.0,0
1.0,0,1005.0,18.0,22.5,0.0,0
2.0,0,1015.0,11.0,34.61538461538461,0.0,0
25.0,3,14061.875,198.0,44.28571428571429,0.0,0
0.0,0,3110.0,56.0,13.043478260869565,0.0,0
7.0,1,5623.0,91.0,5.25,0.0,0
24.0,4,10130.0,138.0,119.25,0.0,0
0.0,0,1488.0,42.0,0.0,0.0,0
13.0,1,1350.0,30.0,18.75,0.0,0
8.0,0,7698.0,127.0,165.39473684210526,0.0,0
8.0,0,2453.0,54.0,196.40625,0.0,0
6.0,0,2665.0,47.0,122.57142857142856,0.0,0
9.0,2,11465.0,160.0,13.571428571428571,0.0,0
5.0,1,1893.0,29.0,6.1764705882352935,0.0,0
10.0,0,1390.0,26.0,37.94117647058823,0.0,0
0.0,0,1363.0,25.0,0.7692307692307692,0.0,0
6.0,0,440.0,15.0,0.0,0.0,0
7.0,3,2447.0,40.0,22.941176470588232,0.0,0
0.0,0,3000.0,57.0,12.222222222222221,0.0,0
0.0,0,0.0,0.0,0.0,0.0,0
13.0,2,4790.0,83.0,32.19512195121951,0.0,0
18.0,5,3418.0,61.0,66.25,0.0,0
0.0,0,6195.0,74.0,171.0,0.0,0
1.0,0,2235.0,41.0,161.15384615384613,0.0,0
7.0,0,2745.0,38.0,6.0,0.0,1
0.0,0,0.0,0.0,0.0,0.0,1
5.0,0,438.0,8.0,5.526315789473684,0.0,1
0.0,0,3165.0,58.0,3.9130434782608696,0.0,0
0.0,0,7283.0,123.0,161.15384615384613,0.0,0
4.0,1,2253.0,35.0,18.75,0.0,0
0.0,1,4200.0,40.0,405.48387096774195,0.0,0
8.0,0,1925.0,54.0,38.78048780487805,0.0,0
8.0,3,1908.0,31.0,75.48387096774194,0.06451612903225806,1
13.0,0,2230.0,60.0,41.86046511627907,0.0,0
5.0,0,3778.0,54.0,0.0,0.0,0
0.0,0,8.0,4.0,3.2432432432432434,0.0,1
9.0,2,4515.0,89.0,6.976744186046512,0.0,0
0.0,1,1963.0,29.0,12.352941176470587,0.0,0
0.0,0,0.0,0.0,0.0,0.0,0
6.0,1,3340.0,30.0,165.39473684210526,0.0,0
3.0,0,5253.0,82.0,4.285714285714286,0.0,1
19.0,3,6203.0,106.0,30.71428571428571,0.0,0
2.0,0,2170.0,38.0,165.39473684210526,0.0,0
6.0,1,1792.0,19.0,0.0,0.0,1
7.0,0,305.0,12.0,10.227272727272727,0.0,1
14.0,0,9122.0,172.0,158.70967741935482,0.0,0
12.0,0,3105.0,46.0,5.675675675675676,0.0,1
7.0,0,2338.0,55.0,179.57142857142858,0.0,0
12.0,3,1680.0,45.0,198.38709677419357,0.0,0
13.0,2,12175.0,165.0,15.0,0.0,0
10.0,1,2878.0,72.0,13.953488372093023,0.0,0
1.0,0,1553.0,19.0,0.0,0.0,0
0.0,0,248.0,8.0,25.945945945945947,0.0,1
0.0,0,2615.0,18.0,2.5,0.0,0
10.0,3,7190.0,120.0,196.40625,0.0,0
13.0,0,6333.0,138.0,154.83870967741936,0.0,0
28.5,4,14061.875,198.0,12.162162162162163,0.02702702702702703,0
0.0,0,2780.0,19.0,0.0,0.0,0
2.0,0,4275.0,34.0,354.19354838709677,0.0,0
0.0,0,2805.0,49.0,0.0,0.0,0
0.0,0,1303.0,16.0,0.0,0.0,0
15.0,5,3157.0,57.0,60.0,0.0,0
15.0,3,4375.0,92.0,41.84210526315789,0.0,0
0.0,0,13408.0,160.0,0.0,0.0,0
0.0,0,3118.0,72.0,0.0,0.0,0
3.0,0,1550.0,38.0,5.294117647058824,0.0,0
23.0,2,9947.0,188.0,146.66666666666669,0.0,0
11.0,4,7225.0,126.0,157.125,0.025,0
0.0,0,2055.0,33.0,174.58333333333334,0.0,0
7.0,0,5433.0,90.0,9.0,0.0,1
1.0,0,1508.0,36.0,31.250000000000004,0.0,0
0.0,0,0.0,0.0,0.0,0.0,0
0.0,0,1378.0,39.0,66.0,0.0,0
15.0,0,6313.0,139.0,145.16129032258064,0.0,0
3.0,1,910.0,31.0,187.5,0.0,0
0.0,0,0.0,0.0,0.0,0.0,1
2.0,0,1580.0,20.0,0.0,0.0,0
23.0,8,10625.0,94.0,8.333333333333334,0.0,0
8.0,3,7155.0,117.0,184.8529411764706,0.0,0
12.0,3,3460.0,36.0,149.64285714285714,0.0,0
0.0,0,0.0,0.0,0.0,0.0,0
11.0,0,655.0,29.0,17.41935483870968,0.0,0
0.0,0,3353.0,73.0,0.0,0.0,0
18.0,1,6573.0,149.0,144.0,0.0,0
16.0,5,3218.0,54.0,64.5,0.0,0
1.0,2,6705.0,106.0,224.4642857142857,0.0,0
26.0,3,14061.875,198.0,44.59459459459459,0.02702702702702703,0
4.0,0,8568.0,162.0,118.06451612903226,0.0,0
0.0,0,1450.0,23.0,43.333333333333336,0.0,0
15.0,2,2873.0,72.0,157.125,0.0,0
0.0,0,88.0,6.0,6.0,0.0,1
14.0,0,815.0,30.0,8.275862068965518,0.0,0
0.0,0,5935.0,70.0,169.65517241379308,0.0,0
11.0,3,3400.0,39.0,139.66666666666669,0.0,0
3.0,0,2665.0,48.0,156.1764705882353,0.0,0
14.0,2,9520.0,126.0,120.83333333333333,0.0,0
5.0,0,1070.0,13.0,26.538461538461537,0.0,0
5.0,0,2193.0,50.0,202.74193548387098,0.0,0
0.0,0,815.0,11.0,0.0,0.0,0
19.0,0,3555.0,57.0,21.627906976744185,0.023255813953488372,1
0.0,0,2965.0,51.0,0.0,0.0,0
10.0,1,13888.0,174.0,0.0,0.0,0
6.0,1,3275.0,35.0,153.29268292682926,0.0,0
7.0,2,4138.0,94.0,31.53846153846154,0.0,0
0.0,0,1948.0,29.0,5.806451612903226,0.0,0
9.0,1,3585.0,81.0,18.157894736842106,0.0,0
8.0,2,3145.0,34.0,10.97560975609756,0.0,0
0.0,0,513.0,1.0,0.0,0.0,1
14.0,0,2658.0,66.0,34.390243902439025,0.024390243902439025,0
9.0,0,6087.0,129.0,135.48387096774195,0.0,0
0.0,0,5880.0,81.0,0.0,0.0,0
13.0,2,2958.0,74.0,15.652173913043478,0.0,0
0.0,0,1975.0,24.0,0.0,0.0,1
5.0,2,2728.0,47.0,61.764705882352935,0.0,0
3.0,2,6840.0,118.0,179.57142857142858,0.0,0
8.0,0,14061.875,180.0,127.27272727272727,0.0,0
9.0,1,4203.0,96.0,14.634146341463413,0.0,0
22.0,0,875.0,45.0,6.206896551724138,0.0,1
10.0,0,4198.0,66.0,0.7894736842105263,0.0,0
12.0,3,8413.0,143.0,161.15384615384613,0.0,0
0.0,0,3183.0,49.0,0.0,0.0,0
7.0,3,4810.0,52.0,405.48387096774195,0.0,0
15.0,0,4388.0,66.0,5.384615384615385,0.0,0
0.0,0,128.0,5.0,25.263157894736842,0.0,0
0.0,0,0.0,0.0,0.0,0.0,0
0.0,0,2070.0,42.0,128.57142857142856,0.0,0
10.0,2,7270.0,111.0,25.263157894736842,0.0,0
0.0,0,10560.0,138.0,0.0,0.0,0
18.0,2,6123.0,104.0,26.05263157894737,0.0,0
20.0,2,14061.875,198.0,39.166666666666664,0.0,0
16.0,2,14061.875,194.0,112.5,0.0,0
0.0,0,1200.0,19.0,22.5,0.0,0
6.0,0,14061.875,177.0,130.28571428571428,0.0,0
0.0,0,0.0,0.0,0.0,0.0,0
4.0,0,4455.0,80.0,0.0,0.0,0
9.0,0,2283.0,50.0,6.1764705882352935,0.0,0
16.0,2,3345.0,69.0,134.3181818181818,0.0,0
8.0,0,2208.0,57.0,169.86486486486487,0.0,0
0.0,1,2488.0,36.0,36.774193548387096,0.0,0
12.0,1,14061.875,185.0,119.23076923076923,0.0,0
1.0,0,3875.0,64.0,0.0,0.0,0
9.0,1,4213.0,89.0,14.210526315789473,0.0,0
20.0,0,3253.0,71.0,16.82926829268293,0.0,0
3.0,1,4795.0,45.0,405.48387096774195,0.0,0
7.0,1,3978.0,92.0,12.142857142857142,0.0,0
10.0,0,1973.0,40.0,15.789473684210526,0.0,1
5.0,3,6560.0,111.0,179.57142857142858,0.0,0
0.0,0,2595.0,19.0,0.0,0.0,0
26.0,0,1070.0,52.0,12.0,0.02857142857142857,1
7.0,3,2088.0,29.0,40.64516129032258,0.06451612903225806,1
13.0,1,3265.0,67.0,141.21951219512195,0.0,0
0.0,0,1898.0,51.0,0.0,0.0,0
0.0,0,0.0,0.0,0.0,0.0,1
10.0,0,1180.0,36.0,27.93103448275862,0.0,0
1.0,1,4013.0,86.0,14.117647058823529,0.0,0
8.0,2,6760.0,96.0,140.2325581395349,0.0,0
9.0,2,2778.0,66.0,12.954545454545455,0.0,0
15.0,3,6823.0,111.0,26.25,0.0,0
16.0,0,460.0,40.0,0.0,0.03225806451612903,1
3.0,1,1863.0,43.0,55.0,0.0,0
17.0,6,3758.0,61.0,98.33333333333333,0.0,0
11.0,0,2238.0,60.0,11.162790697674419,0.023255813953488372,0
9.0,0,14061.875,182.0,121.62162162162163,0.0,0
16.0,5,7530.0,132.0,149.64285714285714,0.023809523809523808,0
14.0,0,3250.0,51.0,17.560975609756095,0.024390243902439025,1
4.0,1,1315.0,36.0,214.44444444444443,0.0,0
13.0,3,5405.0,57.0,405.48387096774195,0.0,0
6.0,2,6845.0,100.0,16.285714285714285,0.0,0
0.0,0,472.0,2.0,0.0,0.0,1
15.0,2,9305.0,122.0,124.05405405405405,0.0,0
20.0,3,6123.0,110.0,28.6046511627907,0.0,0
18.0,2,14061.875,198.0,0.0,0.0,0
5.0,1,4635.0,43.0,405.48387096774195,0.0,0
12.0,4,7690.0,113.0,36.0,0.0,0
16.0,0,14061.875,198.0,21.666666666666668,0.0,0
4.0,0,1963.0,38.0,23.823529411764703,0.0,1
23.0,3,14061.875,198.0,36.85714285714286,0.0,0
4.0,0,205.0,18.0,0.0,0.0,0
1.0,0,1290.0,21.0,15.789473684210526,0.0,0
12.0,1,4198.0,72.0,6.279069767441861,0.0,0
8.0,0,1045.0,24.0,10.90909090909091,0.0,0
0.0,0,5353.0,79.0,0.0,0.0,0
8.0,0,575.0,27.0,15.0,0.0,0
23.0,3,6697.0,153.0,125.00000000000001,0.0,0
12.0,2,3790.0,77.0,27.272727272727273,0.0,0
10.0,1,6143.0,99.0,5.833333333333333,0.0,0
3.0,0,3703.0,59.0,0.0,0.0,0
3.0,0,1665.0,44.0,32.57142857142857,0.0,0
15.0,0,2653.0,52.0,36.42857142857142,0.023809523809523808,1
8.0,3,6920.0,98.0,157.125,0.0,0
7.0,0,13773.0,169.0,0.0,0.0,0
11.0,2,3405.0,38.0,15.714285714285715,0.0,0
28.0,10,10740.0,105.0,11.162790697674419,0.0,0
8.0,3,703.0,13.0,12.0,0.0,0
9.0,0,2268.0,44.0,28.333333333333332,0.0,1
14.0,2,3053.0,70.0,169.86486486486487,0.0,0
18.0,1,14061.875,198.0,0.0,0.0,0
1.0,0,10755.0,143.0,0.0,0.0,0
20.0,1,14061.875,198.0,12.857142857142856,0.0,0
5.0,4,7260.0,120.0,196.40625,0.0,0
27.0,3,14061.875,198.0,47.5609756097561,0.0,0
13.0,0,6277.0,136.0,168.38709677419357,0.0,0
17.0,2,9353.0,183.0,186.66666666666666,0.0,0
5.0,1,1668.0,27.0,21.290322580645164,0.0,1
0.0,0,1130.0,10.0,11.612903225806452,0.0,0
10.0,3,3098.0,48.0,61.875,0.0,0
5.0,0,6205.0,82.0,132.30769230769232,0.0,0
1.0,0,80.0,2.0,7.317073170731707,0.0,1
7.0,0,618.0,16.0,13.170731707317072,0.024390243902439025,1
3.0,0,3030.0,23.0,7.9411764705882355,0.0,0
16.0,1,3965.0,82.0,5.384615384615385,0.0,0
15.0,2,5818.0,104.0,24.878048780487802,0.0,0
14.0,2,14061.875,181.0,10.0,0.0,0
0.0,0,1010.0,30.0,223.20000000000002,0.0,0
12.0,1,14061.875,180.0,121.66666666666666,0.0,0
5.0,0,305.0,6.0,6.5625,0.0,1
0.0,0,2055.0,27.0,202.74193548387098,0.0,0
6.0,2,6625.0,84.0,151.66666666666666,0.0,0
5.0,1,3140.0,23.0,184.8529411764706,0.0,0
8.0,0,2583.0,58.0,5.384615384615385,0.0,0
8.0,2,1973.0,37.0,10.465116279069768,0.0,0
7.0,1,1683.0,44.0,30.0,0.0,0
5.0,1,7553.0,123.0,190.45454545454547,0.0,0
6.0,0,3470.0,76.0,20.833333333333332,0.0,0
0.0,0,1875.0,25.0,190.45454545454547,0.0,0
13.0,0,8638.0,167.0,104.11764705882354,0.0,0
15.0,2,1645.0,44.0,62.142857142857146,0.0,0
5.0,0,888.0,17.0,17.142857142857142,0.0,1
18.0,0,3143.0,70.0,27.0,0.0,0
0.0,0,1120.0,14.0,43.75,0.0,0
13.0,0,3590.0,51.0,25.71428571428571,0.02857142857142857,1
0.0,0,0.0,0.0,12.272727272727273,0.0,0
0.0,0,503.0,9.0,10.54054054054054,0.02702702702702703,1
5.0,1,6213.0,99.0,17.5,0.0,0
6.0,0,8222.0,160.0,92.90322580645162,0.0,0
5.0,0,1245.0,22.0,62.06896551724138,0.0,0
17.0,1,1710.0,46.0,37.0,0.0,0
14.0,0,6392.0,135.0,149.03225806451613,0.0,0
11.0,2,2758.0,67.0,10.0,0.0,0
11.0,2,1810.0,43.0,216.20689655172413,0.0,0
6.0,0,935.0,18.0,8.333333333333334,0.0,0
6.0,2,6850.0,110.0,190.45454545454547,0.0,0
18.0,7,10320.0,88.0,2.647058823529412,0.0,0
0.0,0,1123.0,10.0,0.0,0.06451612903225806,1
21.0,2,6697.0,147.0,145.26315789473685,0.0,0
0.0,0,0.0,0.0,15.0,0.0,0
0.0,0,1470.0,22.0,46.5,0.0,0
0.0,0,2210.0,44.0,0.0,0.0,0
20.0,0,3283.0,61.0,37.69230769230769,0.02564102564102564,1
10.0,1,2498.0,56.0,190.45454545454547,0.0,0
16.0,1,4908.0,77.0,6.923076923076923,0.0,0
10.0,1,1270.0,28.0,15.714285714285715,0.0,0
3.0,0,3915.0,73.0,0.0,0.0,0
20.0,2,14061.875,198.0,123.75,0.0,0
0.0,1,293.0,8.0,9.0,0.0,0
23.0,3,14061.875,198.0,41.05263157894737,0.0,0
0.0,0,760.0,9.0,1.7142857142857142,0.0,0
5.0,1,3075.0,57.0,166.76470588235293,0.0,0
6.0,0,3030.0,22.0,6.0,0.0,0
15.0,3,4880.0,92.0,10.0,0.0,0
9.0,0,1015.0,26.0,18.666666666666668,0.0,0
3.0,1,643.0,4.0,2.7272727272727275,0.0,0
6.0,3,7010.0,112.0,209.5,0.0,0
27.0,9,11145.0,104.0,7.297297297297297,0.0,0
12.0,1,14061.875,187.0,113.84615384615384,0.0,0
0.0,0,6005.0,79.0,145.7142857142857,0.0,0
14.0,1,4423.0,70.0,5.833333333333333,0.0,0
14.0,0,14061.875,182.0,98.68421052631578,0.0,0
0.0,0,1975.0,31.0,196.40625,0.0,0
0.0,0,450.0,4.0,0.0,0.0,0
8.0,0,1833.0,49.0,0.0,0.0,0
0.0,0,5423.0,88.0,0.0,0.0,0
28.5,5,14061.875,198.0,20.32258064516129,0.0,0
2.0,0,818.0,8.0,15.0,0.0,1
1.0,0,2625.0,32.0,0.0,0.03225806451612903,1
10.0,1,4615.0,74.0,5.526315789473684,0.0,0
7.0,0,1320.0,17.0,39.64285714285714,0.0,0
11.0,0,6087.0,135.0,150.96774193548387,0.0,0
24.0,2,14061.875,198.0,0.0,0.0,0
7.0,0,2088.0,36.0,20.90909090909091,0.030303030303030304,1
1.0,0,7318.0,126.0,169.86486486486487,0.0,0
13.0,6,10070.0,84.0,0.0,0.0,0
17.0,0,1410.0,36.0,19.28571428571429,0.0,0
28.5,0,1860.0,63.0,37.714285714285715,0.02857142857142857,1
19.0,1,6697.0,141.0,162.5806451612903,0.0,0
2.0,0,2313.0,56.0,0.0,0.0,0
0.0,0,1103.0,11.0,0.0,0.0,1
5.0,0,305.0,6.0,6.0,0.02857142857142857,1
7.0,1,4023.0,88.0,7.105263157894736,0.0,0
0.0,1,6600.0,107.0,209.5,0.0,0
0.0,0,1203.0,30.0,24.545454545454547,0.0,0
13.0,1,6087.0,141.0,129.0,0.0,0
0.0,0,0.0,0.0,0.0,0.0,1
6.0,0,4125.0,68.0,2.3684210526315788,0.0,0
0.0,1,4145.0,37.0,405.48387096774195,0.0,0
11.0,3,7155.0,116.0,179.57142857142858,0.0,0
0.0,0,5595.0,70.0,135.42857142857142,0.0,0
17.0,2,9340.0,125.0,120.85714285714286,0.0,0
1.0,0,1033.0,12.0,8.571428571428571,0.0,1
2.0,0,3110.0,55.0,0.0,0.0,0
0.0,0,110.0,4.0,0.0,0.0,0
14.0,0,2428.0,54.0,5.384615384615385,0.02564102564102564,0
13.0,2,9160.0,117.0,123.63636363636363,0.0,0
15.0,1,4855.0,85.0,16.046511627906977,0.0,0
7.0,0,2810.0,33.0,0.0,0.0,1
11.0,0,2970.0,53.0,121.62162162162163,0.0,0
15.0,1,4458.0,76.0,10.90909090909091,0.0,0
0.0,0,6135.0,77.0,158.1818181818182,0.0,0
21.0,1,14061.875,198.0,0.0,0.0,0
12.0,0,8818.0,165.0,79.35483870967741,0.0,0
0.0,0,93.0,1.0,7.317073170731707,0.0,0
9.0,0,2153.0,38.0,1.7142857142857142,0.0,1
5.0,0,305.0,6.0,5.25,0.0,0
7.0,0,13728.0,173.0,5.7142857142857135,0.0,0
14.0,3,7515.0,103.0,150.75,0.0,0
3.0,1,2840.0,28.0,6.153846153846153,0.0,0
25.0,0,1135.0,55.0,22.5,0.027777777777777776,1
0.0,0,940.0,16.0,58.88888888888889,0.0,0
0.0,0,115.0,6.0,25.263157894736842,0.0,1
24.0,3,14061.875,198.0,0.0,0.03125,0
5.0,1,3285.0,64.0,14.444444444444443,0.0,0
28.5,4,14061.875,198.0,15.0,0.027777777777777776,0
0.0,0,3905.0,26.0,381.2903225806451,0.0,0
10.0,2,4575.0,86.0,5.25,0.0,0
0.0,0,958.0,14.0,0.0,0.0,0
7.0,0,495.0,7.0,12.307692307692307,0.0,1
15.0,2,2583.0,56.0,46.55172413793103,0.0,0
23.0,3,14061.875,198.0,35.526315789473685,0.0,0
1.0,1,2955.0,28.0,27.428571428571427,0.0,0
5.0,1,2440.0,41.0,149.64285714285714,0.0,0
7.0,1,4580.0,40.0,367.741935483871,0.0,0
8.0,0,3953.0,63.0,0.0,0.0,0
28.5,0,1520.0,63.0,27.804878048780488,0.024390243902439025,1
15.0,0,3375.0,49.0,19.024390243902438,0.024390243902439025,1
0.0,0,1083.0,25.0,17.142857142857142,0.0,0
0.0,0,0.0,0.0,0.0,0.0,1
0.0,0,2415.0,44.0,152.8125,0.0,0
7.0,0,8513.0,159.0,65.80645161290322,0.0,0
0.0,0,875.0,14.0,0.0,0.0,0
21.0,2,2240.0,49.0,36.42857142857142,0.0,0
8.0,3,7205.0,109.0,44.16666666666667,0.0,0
7.0,0,100.0,15.0,0.0,0.0,0
13.0,1,4258.0,69.0,4.5,0.0,0
0.0,0,11100.0,145.0,0.0,0.0,0
12.0,0,13963.0,169.0,5.384615384615385,0.0,0
0.0,0,0.0,0.0,0.0,0.0,0
11.0,1,5628.0,97.0,14.166666666666666,0.0,1
11.0,0,3180.0,42.0,15.428571428571427,0.02857142857142857,1
4.0,2,4390.0,46.0,405.48387096774195,0.0,0
8.0,0,1225.0,26.0,16.5,0.0,0
0.0,0,6480.0,91.0,6.774193548387097,0.0,0
5.0,1,1810.0,31.0,39.0,0.0,0
0.0,0,6115.0,78.0,163.54838709677418,0.0,0
18.0,7,10375.0,90.0,0.0,0.0,0
0.0,0,1703.0,28.0,12.857142857142856,0.03571428571428571,1
11.0,0,14061.875,190.0,120.75000000000001,0.0,0
5.0,1,4435.0,36.0,400.6451612903226,0.0,0
9.0,2,3355.0,37.0,142.8409090909091,0.0,0
3.0,2,1610.0,40.0,248.39999999999998,0.0,0
4.0,0,2535.0,50.0,144.16666666666666,0.0,0
0.0,0,663.0,23.0,2.5,0.0,0
7.0,0,1993.0,51.0,4.7368421052631575,0.0,0
0.0,1,1125.0,36.0,241.73076923076925,0.0,0
0.0,0,2920.0,55.0,1.3043478260869565,0.0,0
28.5,0,1260.0,59.0,23.25,0.025,1
0.0,0,6480.0,85.0,0.0,0.0,0
6.0,0,2143.0,46.0,30.81081081081081,0.02702702702702703,1
28.5,3,14061.875,198.0,7.241379310344828,0.0,0
7.0,1,2618.0,62.0,5.833333333333333,0.0,0
0.0,2,6255.0,105.0,190.45454545454547,0.0,0
1.0,0,305.0,9.0,0.0,0.0,0
20.0,2,14061.875,198.0,0.0,0.0,0
4.0,1,1783.0,30.0,0.0,0.0,0
3.0,1,688.0,10.0,11.052631578947368,0.0,1
0.0,0,2760.0,65.0,0.0,0.0,0
0.0,0,2475.0,41.0,165.51724137931035,0.0,0
0.0,0,2420.0,10.0,0.0,0.0,0
1.0,0,5728.0,95.0,25.945945945945947,0.0,0
20.0,0,895.0,44.0,10.645161290322582,0.0,1
3.0,0,4065.0,65.0,0.0,0.0,0
10.0,0,3395.0,46.0,8.823529411764707,0.0,1
2.0,0,14061.875,170.0,135.0,0.0,0
0.0,0,0.0,0.0,0.0,0.0,1
5.0,1,305.0,6.0,5.675675675675676,0.0,0
0.0,0,345.0,5.0,0.8823529411764706,0.0,0
11.0,3,4130.0,77.0,40.0,0.0,0
6.0,0,5513.0,86.0,11.379310344827585,0.0,1
17.0,1,6797.0,146.0,161.25,0.0,0
15.0,0,2978.0,55.0,34.05405405405405,0.02702702702702703,1
24.0,9,10550.0,98.0,0.0,0.0,0
0.0,0,2495.0,17.0,165.39473684210526,0.0,0
11.0,1,2063.0,46.0,49.285714285714285,0.0,0
9.0,0,2268.0,44.0,28.333333333333332,0.027777777777777776,1
7.0,0,14061.875,179.0,120.0,0.0,0
5.0,0,553.0,14.0,30.0,0.0,1
9.0,1,2748.0,64.0,179.57142857142858,0.0,0
28.5,5,14061.875,198.0,16.923076923076923,0.0,0
27.0,3,14061.875,198.0,44.21052631578947,0.0,0
0.0,0,14061.875,166.0,104.57142857142857,0.0,0
6.0,0,2875.0,36.0,10.0,0.0,1
11.0,1,4740.0,87.0,5.833333333333333,0.0,0
17.0,0,570.0,39.0,0.0,0.0,1
0.0,0,0.0,0.0,0.0,0.0,0
5.0,0,2765.0,37.0,9.72972972972973,0.02702702702702703,1
0.0,0,2203.0,58.0,21.89189189189189,0.0,0
0.0,0,5900.0,76.0,133.7837837837838,0.0,0
7.0,2,4630.0,89.0,26.153846153846153,0.0,0
7.0,1,7733.0,131.0,179.57142857142858,0.0,0
10.0,1,13833.0,172.0,3.75,0.0,0
1.0,0,6223.0,68.0,78.85714285714286,0.0,0
9.0,3,3257.0,50.0,61.935483870967744,0.0,0
10.0,0,995.0,29.0,28.799999999999997,0.0,0
14.0,0,5523.0,94.0,9.473684210526315,0.0,1
9.0,2,1575.0,46.0,189.0909090909091,0.0,0
0.0,0,383.0,4.0,5.833333333333333,0.0,1
13.0,1,6908.0,75.0,65.52631578947368,0.0,0
6.0,0,1585.0,25.0,6.315789473684211,0.0,0
0.0,1,4200.0,39.0,398.7096774193549,0.0,0
2.0,0,1963.0,32.0,19.655172413793103,0.0,1
4.0,0,2600.0,45.0,149.0909090909091,0.0,0
0.0,0,1360.0,44.0,30.789473684210527,0.0,0
0.0,0,0.0,0.0,0.0,0.02857142857142857,1
13.0,5,3273.0,57.0,110.52631578947368,0.0,0
0.0,0,2660.0,45.0,0.0,0.0,0
0.0,0,570.0,14.0,0.75,0.0,0
25.0,8,10660.0,97.0,6.1764705882352935,0.0,0
11.0,0,815.0,31.0,45.0,0.0,0
0.0,0,0.0,0.0,5.294117647058824,0.0,0
0.0,0,700.0,12.0,27.77777777777778,0.0,0
10.0,2,1973.0,33.0,34.83870967741936,0.0,1
16.0,8,10245.0,93.0,22.285714285714285,0.0,0
6.0,1,7633.0,125.0,174.58333333333334,0.0,0
0.0,0,2600.0,20.0,174.58333333333334,0.0,0
16.0,0,1120.0,37.0,49.0,0.0,0
10.0,3,3042.0,46.0,75.0,0.0,0
5.0,1,1193.0,15.0,13.548387096774194,0.06451612903225806,1
14.0,0,825.0,23.0,8.076923076923077,0.0,0
6.0,0,5918.0,95.0,5.526315789473684,0.0,0
15.0,6,10050.0,85.0,0.0,0.0,0
4.0,2,6580.0,88.0,143.41463414634146,0.0,0
13.0,2,9115.0,121.0,116.75675675675676,0.0,0
2.0,0,665.0,18.0,15.0,0.0,0
16.0,2,4035.0,92.0,32.04545454545455,0.0,0
10.0,0,2643.0,59.0,7.297297297297297,0.0,0
0.0,0,13208.0,153.0,0.0,0.0,0
11.0,2,2233.0,41.0,15.0,0.0,0
10.0,0,3695.0,80.0,19.411764705882355,0.0,0
0.0,1,0.0,0.0,0.0,0.0,0
4.0,0,3280.0,75.0,13.333333333333332,0.0,0
8.0,0,5513.0,92.0,16.764705882352942,0.0,1
28.5,4,14061.875,198.0,14.545454545454547,0.0,0
1.0,0,13388.0,161.0,0.0,0.0,0
10.0,1,7993.0,141.0,149.64285714285714,0.0,0
0.0,0,1363.0,21.0,7.741935483870968,0.06451612903225806,1
11.0,1,3775.0,82.0,25.263157894736842,0.0,0
4.0,0,2730.0,31.0,0.0,0.0,1
6.0,0,385.0,8.0,11.86046511627907,0.0,1
6.0,1,2825.0,49.0,156.5625,0.0,0
13.0,0,890.0,26.0,21.11111111111111,0.0,0
28.5,2,1320.0,56.0,22.702702702702705,0.02702702702702703,1
1.0,0,5658.0,85.0,0.0,0.0,0
9.0,0,905.0,16.0,21.53846153846154,0.02564102564102564,1
16.0,0,2733.0,61.0,18.0,0.0,0
3.0,0,5793.0,97.0,8.461538461538462,0.0,0
0.0,0,858.0,28.0,6.0,0.0,0
2.0,0,3718.0,82.0,1.6666666666666665,0.0,0
4.0,0,11350.0,149.0,11.142857142857142,0.0,0
0.0,0,12758.0,152.0,0.0,0.0,0
16.0,0,2763.0,51.0,39.473684210526315,0.02631578947368421,1
4.0,3,6720.0,113.0,184.8529411764706,0.0,0
2.0,0,13468.0,163.0,0.0,0.0,0
14.0,2,1825.0,42.0,48.0,0.0,0
0.0,0,2650.0,22.0,22.727272727272727,0.0,0
26.0,3,14061.875,198.0,1.0,0.0,0
5.0,0,305.0,6.0,5.526315789473684,0.0,1
26.0,3,6958.0,157.0,128.4,0.0,0
11.0,2,3890.0,88.0,49.230769230769226,0.0,0
13.0,1,4675.0,77.0,9.0,0.0,0
9.0,2,2780.0,51.0,153.29268292682926,0.0,0
1.0,0,3035.0,24.0,174.58333333333334,0.0,0
0.0,1,2870.0,23.0,157.125,0.0,0
12.0,0,3115.0,39.0,6.1764705882352935,0.029411764705882353,1
0.0,0,888.0,9.0,0.0,0.06451612903225806,1
4.0,0,1228.0,17.0,25.0,0.0,1
13.0,0,5703.0,92.0,0.0,0.02857142857142857,1
3.0,0,1373.0,13.0,0.0,0.06451612903225806,1
16.0,3,9240.0,119.0,116.66666666666667,0.0,0
4.0,0,600.0,10.0,17.027027027027025,0.0,1
2.0,0,11160.0,148.0,3.4285714285714284,0.0,0
0.0,0,0.0,0.0,0.0,0.0,0
10.0,0,698.0,18.0,15.0,0.0,1
0.0,0,1263.0,33.0,28.75,0.0,0
0.0,0,73.0,2.0,3.846153846153846,0.0,0
0.0,0,6798.0,116.0,174.58333333333334,0.0,0
9.0,1,7123.0,80.0,90.83333333333333,0.0,0
11.0,0,2268.0,50.0,30.731707317073173,0.024390243902439025,1
2.0,0,7428.0,125.0,190.45454545454547,0.0,0
23.0,8,10615.0,101.0,9.230769230769232,0.0,0
0.0,0,2790.0,21.0,174.58333333333334,0.0,0
11.0,0,2428.0,55.0,13.421052631578947,0.02631578947368421,0
1.0,0,1453.0,34.0,40.0,0.0,0
4.0,0,3405.0,69.0,20.357142857142858,0.0,0
17.0,4,7623.0,91.0,104.61538461538461,0.0,0
14.0,1,8820.0,117.0,100.0,0.0,0
28.5,5,14061.875,198.0,46.0,0.0,0
0.0,0,0.0,0.0,0.0,0.027777777777777776,1
9.0,2,7495.0,108.0,19.411764705882355,0.0,0
0.0,0,0.0,0.0,20.833333333333332,0.0,1
25.0,3,14061.875,198.0,42.63157894736842,0.0,0
1.0,0,2245.0,34.0,174.58333333333334,0.0,0
3.0,0,1848.0,33.0,8.461538461538462,0.0,0
6.0,0,2208.0,41.0,25.588235294117645,0.029411764705882353,1
17.0,2,4485.0,93.0,30.769230769230766,0.0,0
19.0,4,9500.0,129.0,112.32558139534883,0.0,0
19.0,8,10190.0,90.0,0.0,0.0,0
8.0,0,2533.0,58.0,18.333333333333336,0.0,0
9.0,1,3285.0,27.0,161.15384615384613,0.0,0
5.0,1,1648.0,41.0,40.0,0.0,0
13.0,1,4020.0,85.0,26.842105263157894,0.0,0
8.0,0,4370.0,71.0,3.9473684210526314,0.0,0
0.0,0,433.0,11.0,29.25,0.0,0
9.0,3,1873.0,27.0,32.90322580645161,0.06451612903225806,1
0.0,0,1605.0,41.0,30.0,0.0,0
13.0,0,6268.0,143.0,148.33333333333334,0.0,0
11.0,0,6133.0,131.0,135.48387096774195,0.0,0
27.0,0,1555.0,57.0,33.63636363636363,0.030303030303030304,1
1.0,0,398.0,7.0,11.86046511627907,0.023255813953488372,1
10.0,1,2568.0,66.0,165.39473684210526,0.0,0
20.0,2,9298.0,180.0,134.21052631578948,0.0,0
1.0,0,1485.0,36.0,25.3125,0.0,0
8.0,1,6673.0,79.0,84.8780487804878,0.0,0
5.0,0,5377.0,124.0,102.58064516129032,0.0,0
1.0,1,1297.0,18.0,0.0,0.0,1
12.0,0,4388.0,67.0,7.894736842105263,0.0,0
4.0,0,1745.0,46.0,36.92307692307693,0.0,0
5.0,1,4325.0,82.0,0.0,0.0,0
8.0,0,8708.0,167.0,134.11764705882354,0.0,0
26.0,10,10855.0,105.0,30.769230769230766,0.0,0
15.0,0,590.0,38.0,4.137931034482759,0.0,1
0.0,0,585.0,16.0,13.076923076923077,0.0,0
12.0,0,3295.0,41.0,7.5,0.03125,1
12.0,0,1405.0,40.0,32.14285714285714,0.0,0
0.0,0,1170.0,18.0,12.0,0.0,0
15.0,1,8993.0,174.0,137.6470588235294,0.0,0
9.0,0,4075.0,67.0,5.25,0.0,0
12.0,2,1933.0,48.0,42.0,0.0,0
3.0,0,1528.0,43.0,0.0,0.0,0
5.0,2,3440.0,32.0,18.529411764705884,0.0,0
10.0,0,1970.0,56.0,37.857142857142854,0.0,0
3.0,3,2663.0,45.0,108.38709677419355,0.0,0
0.0,0,455.0,2.0,0.0,0.0,0
28.5,5,14061.875,198.0,68.04878048780488,0.0,0
4.0,0,2685.0,35.0,1.8181818181818183,0.0,1
4.0,0,6118.0,65.0,70.54054054054053,0.0,0
10.0,0,1440.0,30.0,14.666666666666666,0.0,0
10.0,0,620.0,23.0,0.0,0.0,0
0.0,0,2395.0,45.0,158.0,0.0,0
0.0,0,0.0,0.0,5.7142857142857135,0.0,1
19.0,2,1065.0,34.0,21.290322580645164,0.0,0
11.0,1,930.0,28.0,7.777777777777778,0.0,0
0.0,0,4020.0,76.0,0.0,0.0,0
0.0,0,0.0,0.0,0.0,0.0,1
11.0,3,12065.0,164.0,25.945945945945947,0.0,0
1.0,0,11080.0,146.0,0.0,0.0,0
0.0,0,0.0,0.0,0.0,0.0,0
5.0,2,4505.0,45.0,405.48387096774195,0.0,0
0.0,0,2703.0,65.0,0.0,0.0,0
9.0,1,3595.0,74.0,18.0,0.0,0
4.0,0,1963.0,38.0,23.823529411764703,0.029411764705882353,1
0.0,1,6560.0,93.0,14.571428571428571,0.0,0
10.0,6,9420.0,76.0,0.0,0.0,0
0.0,0,405.0,14.0,10.24390243902439,0.0,0
18.0,1,6582.0,142.0,165.88235294117646,0.0,0
13.0,1,1285.0,35.0,26.666666666666664,0.0,0
3.0,2,2548.0,39.0,46.45161290322581,0.0,0
9.0,0,1038.0,18.0,22.105263157894736,0.0,1
16.0,1,6123.0,98.0,22.727272727272727,0.0,1
1.0,0,538.0,7.0,0.8571428571428571,0.0,1
6.0,1,7568.0,130.0,161.15384615384613,0.0,0
3.0,0,3020.0,30.0,8.91891891891892,0.0,0
18.0,2,1590.0,41.0,32.068965517241374,0.0,0
7.0,0,900.0,14.0,5.384615384615385,0.0,0
28.0,0,1375.0,59.0,45.83333333333333,0.027777777777777776,1
3.0,1,2690.0,22.0,161.15384615384613,0.0,0
0.0,0,0.0,0.0,0.0,0.0,0
9.0,2,3530.0,73.0,21.5625,0.0,0
27.0,3,14061.875,198.0,9.705882352941178,0.029411764705882353,0
10.0,1,1340.0,38.0,58.84615384615385,0.0,0
11.0,4,2913.0,48.0,60.0,0.0,0
2.0,0,1773.0,37.0,15.882352941176471,0.0,1
5.0,0,2583.0,59.0,8.68421052631579,0.0,0
15.0,6,7870.0,132.0,174.58333333333334,0.0,0
1.0,0,1200.0,31.0,234.0,0.0,0
23.0,0,955.0,47.0,14.545454545454547,0.030303030303030304,1
7.0,2,7013.0,79.0,104.57142857142857,0.0,0
13.0,1,3965.0,83.0,32.36842105263158,0.0,0
9.0,2,8890.0,117.0,113.07692307692308,0.0,0
6.0,1,1813.0,42.0,36.92307692307693,0.0,0
2.0,1,1810.0,32.0,94.73684210526316,0.0,0
7.0,0,3893.0,66.0,1.4634146341463414,0.0,0
6.0,3,6965.0,116.0,184.8529411764706,0.0,0
3.0,0,4180.0,71.0,24.324324324324326,0.0,0
2.0,0,318.0,11.0,10.227272727272727,0.0,0
18.0,3,7283.0,91.0,86.66666666666667,0.0,0
9.0,0,510.0,24.0,1.1111111111111112,0.0,0
14.0,1,6148.0,138.0,146.47058823529414,0.058823529411764705,0
8.0,3,3695.0,37.0,165.39473684210526,0.0,0
2.0,2,2142.0,34.0,11.612903225806452,0.0,0
0.0,0,2535.0,22.0,0.8108108108108109,0.0,0
6.0,1,3285.0,28.0,165.39473684210526,0.0,0
3.0,0,3015.0,25.0,184.8529411764706,0.0,0
28.5,4,14061.875,198.0,7.5,0.03125,0
2.0,0,1988.0,53.0,0.0,0.0,0
0.0,0,1055.0,26.0,254.28571428571428,0.0,0
28.5,0,1440.0,61.0,26.842105263157894,0.0,1
17.0,1,14061.875,198.0,37.05882352941177,0.0,0
11.0,0,1615.0,30.0,30.749999999999996,0.0,0
0.0,0,635.0,10.0,55.2,0.0,0
3.0,1,6785.0,97.0,12.727272727272728,0.0,0
9.0,0,3775.0,76.0,21.81818181818182,0.0,0
27.0,3,14061.875,198.0,8.70967741935484,0.0,0
8.0,0,13478.0,165.0,5.25,0.0,0
1.0,0,723.0,10.0,6.315789473684211,0.0,0
21.0,3,14061.875,198.0,2.7272727272727275,0.0,0
9.0,0,1758.0,39.0,7.777777777777778,0.0,0
6.0,0,1758.0,40.0,45.0,0.0,0
13.0,0,9337.0,176.0,143.2258064516129,0.0,0
0.0,0,1865.0,32.0,174.58333333333334,0.0,0
5.0,0,415.0,10.0,5.25,0.0,0
6.0,1,2508.0,63.0,0.0,0.0,0
5.0,0,305.0,6.0,5.384615384615385,0.0,1
0.0,0,1438.0,43.0,184.8529411764706,0.0,0
0.0,0,5613.0,83.0,0.0,0.0,0
3.0,0,2280.0,37.0,184.8529411764706,0.0,0
19.0,2,14061.875,198.0,23.513513513513512,0.0,0
0.0,0,2320.0,45.0,0.0,0.0,0
14.0,2,8523.0,144.0,157.125,0.0,0
0.0,0,1280.0,36.0,21.724137931034484,0.0,0
5.0,0,818.0,7.0,5.675675675675676,0.0,1
3.0,2,2593.0,35.0,30.967741935483872,0.0,0
0.0,0,1908.0,44.0,0.0,0.0,0
16.0,0,2753.0,58.0,38.048780487804876,0.024390243902439025,1
6.0,0,2153.0,39.0,31.764705882352942,0.029411764705882353,1
27.0,3,14061.875,198.0,6.774193548387097,0.0,0
12.0,2,3855.0,84.0,30.0,0.0,0
15.0,2,3375.0,56.0,153.29268292682926,0.0,0
7.0,1,6725.0,90.0,156.85714285714286,0.0,0
18.0,2,4260.0,96.0,34.88372093023256,0.0,0
7.0,0,628.0,9.0,12.631578947368421,0.0,1
0.0,0,1940.0,27.0,179.57142857142858,0.0,0
2.0,1,4390.0,40.0,405.48387096774195,0.0,0
9.0,2,2197.0,30.0,15.483870967741936,0.0,1
6.0,0,703.0,13.0,16.0,0.0,0
0.0,0,0.0,0.0,0.0,0.03125,1
7.0,0,1110.0,27.0,27.391304347826086,0.0,0
23.0,4,9680.0,137.0,110.66666666666667,0.0,0
0.0,0,2715.0,24.0,3.4285714285714284,0.0,0
5.0,0,305.0,6.0,5.675675675675676,0.02702702702702703,1
6.0,1,7623.0,132.0,161.15384615384613,0.0,0
8.0,0,1035.0,31.0,12.0,0.0,0
11.0,1,9115.0,115.0,127.5,0.0,0
0.0,1,5950.0,99.0,202.74193548387098,0.0,0
12.0,1,4705.0,83.0,5.384615384615385,0.0,0
13.0,4,2220.0,52.0,216.7241379310345,0.0,0
10.0,2,1075.0,23.0,17.857142857142858,0.0,0
4.0,0,733.0,12.0,17.5,0.0,1
0.0,0,650.0,11.0,6.666666666666666,0.0,0
0.0,0,0.0,0.0,0.0,0.0,1
6.0,1,6473.0,72.0,85.94594594594595,0.0,0
0.0,0,825.0,10.0,24.23076923076923,0.0,1
0.0,0,1515.0,18.0,32.90322580645161,0.0,0
13.0,2,3085.0,65.0,132.5581395348837,0.0,0
11.0,0,3903.0,62.0,5.25,0.0,0
22.0,3,14061.875,198.0,0.8823529411764706,0.0,0
0.0,0,2240.0,12.0,0.0,0.0,0
13.0,0,880.0,33.0,21.0,0.0,0
5.0,1,3470.0,64.0,12.0,0.0,0
8.0,0,1855.0,44.0,10.833333333333334,0.0,0
6.0,0,3973.0,62.0,3.0,0.0,0
10.0,0,1225.0,32.0,22.8,0.0,0
2.0,1,6095.0,81.0,132.63157894736844,0.0,0
13.0,1,3955.0,90.0,31.463414634146343,0.0,0
9.0,4,7025.0,119.0,174.58333333333334,0.027777777777777776,0
12.0,1,14061.875,175.0,5.25,0.0,0
8.0,0,6603.0,69.0,63.333333333333336,0.0,0
8.0,2,11545.0,156.0,15.365853658536587,0.0,0
26.0,2,14061.875,198.0,6.363636363636364,0.0,0
12.0,1,5413.0,93.0,6.486486486486487,0.0,1
7.0,0,2238.0,48.0,0.0,0.030303030303030304,0
18.0,0,650.0,41.0,8.70967741935484,0.0,1
9.0,0,1533.0,23.0,29.210526315789476,0.0,1
0.0,0,11160.0,142.0,0.0,0.0,0
13.0,1,2513.0,63.0,161.15384615384613,0.0,0
10.0,2,2698.0,70.0,11.333333333333332,0.0,0
10.0,2,7280.0,104.0,25.71428571428571,0.0,0
0.0,0,0.0,0.0,0.0,0.0,1
5.0,2,1487.0,25.0,15.483870967741936,0.06451612903225806,1
4.0,0,1978.0,44.0,0.0,0.0,0
1.0,0,6233.0,61.0,84.375,0.0,0
2.0,0,1585.0,42.0,27.096774193548388,0.0,0
0.0,1,33.0,4.0,3.846153846153846,0.0,0
7.0,0,4400.0,77.0,0.0,0.0,0
16.0,2,9420.0,121.0,126.1764705882353,0.0,0
9.0,1,2180.0,40.0,60.0,0.0,0
5.0,0,5513.0,90.0,0.0,0.0,0
0.0,0,2610.0,13.0,190.45454545454547,0.0,0
28.5,5,14061.875,198.0,11.842105263157896,0.0,0
8.0,1,3325.0,36.0,13.846153846153847,0.0,0
8.0,0,2263.0,59.0,169.86486486486487,0.0,0
0.0,1,6660.0,104.0,232.77777777777777,0.0,0
9.0,0,8873.0,168.0,131.61290322580643,0.0,0
10.0,0,4550.0,79.0,11.707317073170731,0.0,0
2.0,0,6333.0,67.0,88.06451612903226,0.0,0
6.0,2,1315.0,42.0,188.4375,0.03125,1
4.0,1,7190.0,102.0,14.0625,0.0,0
3.0,1,2508.0,64.0,26.153846153846153,0.0,0
0.0,0,3680.0,29.0,367.741935483871,0.0,0
3.0,0,14061.875,171.0,104.16666666666667,0.0,0
4.0,0,3415.0,62.0,20.400000000000002,0.0,0
14.0,0,2680.0,61.0,41.84210526315789,0.0,0
26.0,4,14061.875,198.0,45.71428571428571,0.0,0
1.0,0,2795.0,26.0,6.315789473684211,0.0,0
0.0,0,650.0,10.0,2.307692307692308,0.0,0
18.0,3,9375.0,131.0,110.93023255813954,0.0,0
6.0,0,5333.0,84.0,7.741935483870968,0.03225806451612903,1
9.0,0,14061.875,176.0,98.33333333333333,0.0,0
7.0,2,11580.0,160.0,33.94736842105263,0.0,0
20.0,1,6618.0,145.0,158.70967741935482,0.0,0
21.0,4,9480.0,130.0,114.14634146341463,0.0,0
4.0,1,2900.0,25.0,4.166666666666667,0.0,0
13.0,1,14061.875,186.0,126.0,0.0,0
4.0,0,2780.0,47.0,161.61290322580643,0.0,0
9.0,2,6798.0,77.0,86.34146341463415,0.0,0
6.0,1,4110.0,78.0,0.0,0.0,0
16.0,0,1005.0,31.0,17.586206896551722,0.0,0
20.0,3,14061.875,198.0,25.0,0.0,0
26.0,1,1015.0,50.0,18.0,0.02857142857142857,1
14.0,0,2573.0,50.0,32.36842105263158,0.0,1
5.0,1,3270.0,57.0,10.0,0.0,0
5.0,0,6593.0,77.0,88.42105263157895,0.0,0
5.0,0,305.0,6.0,7.5,0.0,0
5.0,0,580.0,10.0,5.384615384615385,0.0,0
6.0,0,11385.0,152.0,0.9090909090909092,0.0,0
20.0,3,9610.0,128.0,123.07692307692307,0.0,0
7.0,2,2053.0,33.0,12.142857142857142,0.0,0
23.0,8,10680.0,96.0,5.833333333333333,0.0,0
11.0,3,7150.0,106.0,21.08108108108108,0.0,0
26.0,8,10625.0,93.0,5.675675675675676,0.0,0
2.0,0,2685.0,29.0,0.0,0.0,1
12.0,2,11725.0,164.0,18.13953488372093,0.0,0
0.0,0,0.0,0.0,13.043478260869565,0.0,0
8.0,0,4008.0,65.0,0.0,0.0,0
1.0,0,7328.0,119.0,184.8529411764706,0.0,0
8.0,0,5558.0,88.0,11.0,0.03333333333333333,1
12.0,0,2543.0,54.0,6.0,0.0,0
6.0,3,2673.0,37.0,38.70967741935484,0.0,0
2.0,0,3603.0,76.0,0.0,0.0,0
0.0,0,1363.0,19.0,0.0,0.0,0
8.0,0,5398.0,86.0,0.0,0.0,1
3.0,0,1968.0,46.0,196.40625,0.0,0
6.0,0,2698.0,58.0,0.8571428571428571,0.0,0
15.0,2,9360.0,124.0,118.37837837837839,0.0,0
17.0,0,6098.0,137.0,112.10526315789474,0.0,0
0.0,0,2455.0,14.0,0.0,0.0,0
0.0,0,465.0,11.0,8.68421052631579,0.0,0
7.0,0,4138.0,63.0,0.0,0.0,0
10.0,0,3070.0,43.0,14.615384615384615,0.0,1
5.0,1,3778.0,85.0,5.526315789473684,0.0,0
15.0,1,14061.875,193.0,124.73684210526316,0.0,0
0.0,0,2170.0,39.0,169.86486486486487,0.0,0
5.0,0,1855.0,45.0,40.285714285714285,0.0,0
1.0,1,2790.0,27.0,153.29268292682926,0.0,0
3.0,2,398.0,7.0,7.105263157894736,0.0,0
22.0,2,7102.0,152.0,155.0,0.0,0
0.0,0,7123.0,119.0,202.74193548387098,0.0,0
8.0,2,6833.0,81.0,110.52631578947368,0.0,0
0.0,1,0.0,0.0,5.526315789473684,0.0,0
0.0,0,3825.0,24.0,373.5483870967742,0.0,0
3.0,2,6905.0,113.0,196.40625,0.0,0
5.0,0,835.0,12.0,7.297297297297297,0.0,0
12.0,2,11770.0,160.0,13.846153846153847,0.0,0
8.0,4,2968.0,51.0,111.1764705882353,0.0,0
5.0,1,3340.0,66.0,6.666666666666666,0.0,0
14.0,1,14061.875,183.0,12.558139534883722,0.0,0
0.0,0,2730.0,18.0,184.8529411764706,0.0,0
5.0,0,2033.0,48.0,184.8529411764706,0.0,0
0.0,0,0.0,0.0,0.0,0.0,0
16.0,1,14061.875,189.0,127.6923076923077,0.0,0
0.0,0,3528.0,81.0,0.0,0.0,0
20.0,3,6993.0,151.0,187.05882352941177,0.0,0
3.0,0,1558.0,33.0,7.7142857142857135,0.0,1
0.0,0,1378.0,41.0,0.0,0.0,0
11.0,1,5573.0,95.0,20.0,0.027777777777777776,1
4.0,1,1315.0,36.0,214.44444444444443,0.037037037037037035,1
1.0,0,213.0,4.0,7.5,0.0,1
0.0,0,2355.0,8.0,0.0,0.0,0
5.0,0,2700.0,51.0,154.6875,0.0,0
17.0,1,1720.0,39.0,38.888888888888886,0.0,0
6.0,1,8620.0,114.0,109.71428571428571,0.0,0
28.5,5,14061.875,198.0,13.235294117647058,0.0,0
3.0,2,6900.0,103.0,40.58823529411765,0.0,0
3.0,0,2148.0,48.0,209.5,0.0,0
2.0,1,2688.0,62.0,13.333333333333332,0.0,0
20.0,0,840.0,42.0,17.41935483870968,0.0,1
1.0,0,2820.0,56.0,0.0,0.0,0
0.0,0,685.0,14.0,20.833333333333332,0.0,0
1.0,2,418.0,6.0,10.5,0.0,0
0.0,0,2435.0,17.0,0.0,0.0,0
11.0,1,4278.0,68.0,7.857142857142858,0.0,0
5.0,1,1940.0,29.0,50.0,0.0,0
3.0,0,335.0,16.0,0.0,0.0,0
3.0,0,5613.0,95.0,5.853658536585366,0.0,0
14.0,0,2543.0,60.0,11.25,0.0,0
21.0,9,10550.0,99.0,26.756756756756758,0.0,0
10.0,0,8753.0,163.0,120.0,0.0,0
4.0,1,1892.0,24.0,1.935483870967742,0.0,1
11.0,0,4675.0,71.0,3.4285714285714284,0.0,0
8.0,1,3935.0,72.0,18.461538461538463,0.0,0
0.0,0,10900.0,138.0,0.0,0.0,0
13.0,3,7350.0,113.0,26.341463414634145,0.0,0
0.0,0,777.0,8.0,0.0,0.0,1
9.0,4,1243.0,20.0,25.263157894736842,0.0,0
14.0,7,9950.0,79.0,0.0,0.0,0
5.0,0,1120.0,17.0,5.675675675675676,0.0,0
4.0,1,4580.0,41.0,405.48387096774195,0.0,0
7.0,2,3225.0,30.0,12.75,0.0,0
0.0,0,1248.0,13.0,0.0,0.0,0
3.0,0,10865.0,144.0,0.0,0.0,0
0.0,1,6400.0,100.0,241.73076923076925,0.0,0
3.0,0,1115.0,19.0,11.351351351351353,0.0,0
12.0,2,4283.0,98.0,16.363636363636363,0.0,0
15.0,3,9115.0,127.0,108.57142857142857,0.0,0
4.0,0,3145.0,22.0,0.0,0.0,0
14.0,1,5080.0,82.0,23.076923076923077,0.0,0
0.0,0,0.0,0.0,0.0,0.0,0
28.5,5,14061.875,198.0,48.40909090909091,0.0,0
6.0,2,1602.0,24.0,0.0,0.06451612903225806,1
3.0,0,2348.0,62.0,7.142857142857142,0.0,0
0.0,0,3355.0,54.0,0.0,0.0,0
5.0,0,1845.0,52.0,38.68421052631579,0.0,0
1.0,0,6785.0,91.0,6.428571428571428,0.0,0
3.0,2,3390.0,31.0,174.58333333333334,0.0,0
13.0,1,9000.0,115.0,93.33333333333333,0.0,0
0.0,0,1405.0,34.0,23.793103448275865,0.0,0
0.0,0,520.0,13.0,3.1578947368421053,0.0,0
0.0,0,695.0,6.0,0.0,0.0,0
9.0,0,2223.0,48.0,31.5,0.0,1
23.0,3,14061.875,198.0,0.0,0.0,0
5.0,0,13528.0,166.0,0.0,0.0,0
0.0,0,685.0,13.0,0.0,0.0,0
16.0,2,1610.0,40.0,34.83870967741936,0.0,0
16.0,4,12370.0,170.0,30.0,0.0,0
2.0,0,11205.0,144.0,0.0,0.0,0
9.0,0,8515.0,111.0,99.72972972972973,0.0,0
17.0,2,2633.0,53.0,34.5,0.0,1
8.0,1,3320.0,31.0,174.58333333333334,0.0,0
0.0,0,4330.0,37.0,405.48387096774195,0.0,0
3.0,0,1958.0,53.0,179.57142857142858,0.0,0
6.0,1,1920.0,30.0,46.875,0.0,0
0.0,0,1903.0,20.0,198.0,0.0,0
5.0,2,4515.0,38.0,405.48387096774195,0.0,0
0.0,0,1068.0,7.0,0.0,0.06451612903225806,1
2.0,0,2180.0,31.0,179.57142857142858,0.0,0
6.0,0,1853.0,50.0,169.86486486486487,0.0,0
0.0,0,1390.0,20.0,39.375,0.0,0
6.0,0,13368.0,164.0,0.0,0.0,0
0.0,0,0.0,0.0,0.0,0.0,0
9.0,0,5218.0,88.0,4.166666666666667,0.027777777777777776,1
0.0,0,1570.0,28.0,50.526315789473685,0.0,0
0.0,0,1148.0,27.0,0.0,0.0,0
7.0,0,2148.0,60.0,157.125,0.0,0
26.0,9,10740.0,99.0,6.315789473684211,0.0,0
8.0,1,6763.0,71.0,90.9090909090909,0.0,0
15.0,1,6008.0,99.0,29.166666666666668,0.0,1
8.0,0,4325.0,75.0,9.285714285714286,0.0,0
17.0,1,2938.0,74.0,149.64285714285714,0.0,0
7.0,0,5108.0,87.0,0.8571428571428571,0.0,1
11.0,0,2858.0,65.0,174.58333333333334,0.0,0
0.0,0,1333.0,38.0,0.0,0.0,0
5.0,0,305.0,6.0,5.121951219512195,0.0,0
0.0,0,2295.0,39.0,151.93548387096774,0.0,0
4.0,0,14061.875,176.0,122.57142857142856,0.0,0
14.0,0,3295.0,47.0,12.972972972972974,0.02702702702702703,1
4.0,0,4390.0,85.0,4.615384615384616,0.0,0
9.0,1,1828.0,49.0,42.1875,0.0,0
2.0,0,3833.0,57.0,0.0,0.0,0
16.0,2,4735.0,80.0,12.142857142857142,0.0,0
19.0,2,6518.0,139.0,151.875,0.0,0
4.0,0,13658.0,164.0,1.6666666666666665,0.0,0
0.0,0,1330.0,17.0,30.967741935483872,0.0,0
28.5,5,14061.875,198.0,13.783783783783784,0.0,0
4.0,1,7588.0,129.0,153.29268292682926,0.0,0
22.0,7,10140.0,89.0,5.526315789473684,0.0,0
0.0,1,1090.0,32.0,202.75862068965517,0.0,0
0.0,0,968.0,29.0,10.384615384615385,0.0,0
9.0,1,11645.0,162.0,16.5,0.0,0
5.0,1,2405.0,35.0,184.8529411764706,0.0,0
2.0,0,4255.0,73.0,0.0,0.0,0
15.0,1,1530.0,38.0,28.888888888888886,0.0,0
11.0,0,1890.0,31.0,11.25,0.0,0
5.0,1,3500.0,32.0,169.86486486486487,0.0,0
7.0,0,933.0,19.0,16.74418604651163,0.0,1
11.0,0,2458.0,45.0,35.833333333333336,0.027777777777777776,1
28.5,10,10800.0,102.0,9.75,0.025,0
12.0,3,3298.0,74.0,22.5,0.0,0
1.0,0,2590.0,53.0,171.42857142857144,0.0,0
11.0,1,6203.0,141.0,206.25,0.0,0
12.0,2,4970.0,81.0,20.526315789473685,0.0,0
13.0,2,6978.0,85.0,85.81395348837209,0.0,0
28.5,4,14061.875,198.0,47.692307692307686,0.02564102564102564,0
9.0,1,1505.0,36.0,180.0,0.0,0
0.0,0,825.0,4.0,18.571428571428573,0.0,0
4.0,0,1875.0,34.0,55.714285714285715,0.0,0
28.0,4,14061.875,198.0,4.545454545454546,0.0,0
0.0,0,1068.0,15.0,0.0,0.0,0
4.0,0,5738.0,87.0,0.0,0.0,0
5.0,0,2043.0,40.0,29.210526315789476,0.0,1
0.0,0,0.0,0.0,0.0,0.029411764705882353,1
10.0,0,8932.0,165.0,125.80645161290322,0.0,0
9.0,1,8218.0,138.0,165.39473684210526,0.0,0
5.0,0,3065.0,71.0,5.675675675675676,0.0,0
0.0,0,0.0,0.0,0.0,0.0,0
0.0,0,1608.0,22.0,0.0,0.0,0
3.0,0,7393.0,121.0,174.58333333333334,0.0,0
6.0,0,2735.0,57.0,137.25,0.0,0
4.0,0,840.0,24.0,3.1578947368421053,0.0,0
5.0,0,563.0,8.0,6.923076923076923,0.0,0
1.0,3,6775.0,116.0,190.45454545454547,0.0,0
11.0,1,1305.0,34.0,30.0,0.0,0
10.0,1,4820.0,83.0,0.8571428571428571,0.0,0
5.0,1,6680.0,94.0,147.75,0.0,0
0.0,0,1300.0,35.0,25.161290322580648,0.0,0
4.0,0,2685.0,35.0,1.8181818181818183,0.030303030303030304,1
11.0,5,7385.0,128.0,169.86486486486487,0.0,0
11.0,3,1353.0,21.0,14.615384615384615,0.0,0
1.0,1,1990.0,30.0,78.75,0.0,0
21.0,0,765.0,46.0,6.363636363636364,0.0,1
13.0,1,9013.0,173.0,131.05263157894737,0.0,0
5.0,0,2375.0,48.0,127.29729729729729,0.0,0
5.0,1,6965.0,105.0,20.833333333333332,0.0,0
0.0,0,2580.0,12.0,0.0,0.0,0
10.0,0,295.0,20.0,0.0,0.0,0
24.0,9,10495.0,96.0,4.7368421052631575,0.02631578947368421,0
11.0,1,13998.0,173.0,5.833333333333333,0.0,0
0.0,0,4005.0,62.0,0.0,0.0,0
18.0,2,4935.0,87.0,17.608695652173914,0.0,0
28.5,3,14061.875,198.0,42.5,0.0,0
13.0,1,14061.875,180.0,6.153846153846153,0.0,0
7.0,0,1890.0,48.0,31.818181818181817,0.0,0
13.0,2,5225.0,94.0,7.692307692307692,0.0,0
0.0,0,0.0,0.0,0.0,0.0,1
14.0,2,2925.0,55.0,136.6304347826087,0.0,0
5.0,0,7688.0,135.0,157.125,0.0,0
7.0,1,11510.0,150.0,6.363636363636364,0.0,0
8.0,0,2910.0,39.0,0.0,0.03225806451612903,1
15.0,1,4000.0,86.0,24.166666666666668,0.0,0
1.0,2,2368.0,31.0,25.161290322580648,0.0,0
13.0,3,7138.0,87.0,110.25,0.0,0
0.0,0,3805.0,55.0,0.0,0.0,0
8.0,1,1793.0,43.0,33.75,0.0,0
8.0,2,1190.0,19.0,33.0,0.0,0
28.5,1,11340.0,109.0,22.894736842105264,0.0,0
16.0,1,14061.875,196.0,120.0,0.0,0
16.0,1,6392.0,141.0,150.0,0.0,0
3.0,1,3798.0,84.0,9.0,0.0,0
4.0,1,4210.0,83.0,2.195121951219512,0.0,0
28.5,4,14061.875,198.0,45.75,0.0,0
8.0,2,993.0,16.0,15.75,0.025,1
15.0,1,4503.0,72.0,6.0,0.0,0
6.0,1,11060.0,149.0,0.0,0.0,0
0.0,0,568.0,4.0,3.5294117647058822,0.0,1
4.0,2,3210.0,33.0,161.15384615384613,0.0,0
5.0,1,305.0,6.0,6.1764705882352935,0.0,0
13.0,1,5818.0,98.0,21.666666666666668,0.027777777777777776,1
13.0,4,4000.0,43.0,157.125,0.0,0
21.0,3,6813.0,153.0,186.0,0.0,0
10.0,0,5758.0,95.0,18.529411764705884,0.0,1
0.0,0,2535.0,16.0,0.0,0.0,0
1.0,0,1190.0,38.0,211.07142857142856,0.0,0
0.0,0,3473.0,79.0,0.0,0.0,0
1.0,0,5498.0,83.0,0.0,0.0,0
16.0,2,5933.0,103.0,18.94736842105263,0.0,0
6.0,2,11760.0,158.0,21.42857142857143,0.0,0
5.0,1,305.0,6.0,6.5625,0.0,1
0.0,0,2088.0,58.0,2.195121951219512,0.0,0
28.5,6,14061.875,198.0,25.454545454545457,0.0,0
10.0,1,13898.0,167.0,5.675675675675676,0.0,0
7.0,1,1693.0,37.0,31.200000000000003,0.0,0
17.0,1,9237.0,177.0,141.1764705882353,0.0,0
0.0,0,0.0,0.0,0.0,0.029411764705882353,1
21.0,8,10480.0,89.0,6.5625,0.0,0
16.0,1,6438.0,137.0,149.03225806451613,0.0,0
4.0,1,3095.0,27.0,165.39473684210526,0.0,0
0.0,0,2333.0,55.0,0.0,0.0,0
8.0,3,1915.0,46.0,232.77777777777777,0.0,0
12.0,2,4775.0,93.0,11.59090909090909,0.0,0
0.0,0,3658.0,79.0,0.0,0.0,0
